{"type":"FeatureCollection", "features": [
{"type":"Feature","geometry":{"type":"LineString","coordinates":[[1.9802,45.7037],[1.9201,45.6955],[1.8936,45.6962],[1.871,45.7099],[1.8582,45.6994],[1.846,45.6939],[1.8394,45.6964],[1.8432,45.7099],[1.8308,45.7158],[1.7886,45.7242],[1.7367,45.7421],[1.7183,45.7459],[1.7161,45.7467],[1.7007,45.7545],[1.6892,45.762],[1.6811,45.7654],[1.6514,45.7652],[1.6087,45.7772],[1.5571,45.7829],[1.5252,45.7938],[1.4975,45.809],[1.4544,45.8443],[1.3975,45.9023],[1.3831,45.8949],[1.3338,45.88],[1.323,45.8716],[1.3135,45.8533],[1.2915,45.8415],[1.2473,45.8266],[1.2151,45.8041],[1.1983,45.7957],[1.1753,45.7924],[1.1535,45.7961],[1.1384,45.8056],[1.117,45.8341],[1.0868,45.8631],[1.0539,45.8756],[0.8805,45.8955],[0.7949,45.8819],[0.7507,45.8844],[0.6934,45.8956],[0.6528,45.9172],[0.6584,45.9508],[0.6557,45.9656],[0.6846,46.0688],[0.6875,46.0892],[0.6877,46.1085],[0.6846,46.1275],[0.6795,46.1445],[0.6719,46.1624],[0.6787,46.1624],[0.6777,46.1701],[0.6725,46.1912],[0.6719,46.1971],[0.6773,46.2056],[0.6841,46.2127],[0.6885,46.2205],[0.6856,46.2313],[0.6924,46.2313],[0.6868,46.2438],[0.688,46.2468],[0.6924,46.2518],[0.6887,46.257],[0.6877,46.2591],[0.6924,46.2661],[0.6856,46.2661],[0.6912,46.2842],[0.6894,46.3278],[0.7048,46.3636],[0.7048,46.3846],[0.6958,46.4296],[0.689,46.4368],[0.6803,46.4433],[0.6719,46.451],[0.6642,46.4617],[0.6455,46.5012],[0.6415,46.5068],[0.6387,46.5133],[0.6371,46.5255],[0.6382,46.5331],[0.6432,46.5518],[0.6441,46.5602],[0.6359,46.5718],[0.603,46.6013],[0.596,46.6123],[0.552,46.7084],[0.5441,46.7373],[0.5348,46.8377],[0.5379,46.8539],[0.5515,46.8748],[0.5546,46.8924],[0.56,46.9039],[0.584,46.9309],[0.5894,46.947],[0.5856,46.9649],[0.5706,46.9888],[0.5689,47.0053],[0.5546,47.0537],[0.5447,47.0775],[0.5181,47.0989],[0.4859,47.1148],[0.459,47.122],[0.3405,47.1363],[0.3218,47.1458],[0.3034,47.1481],[0.195,47.1766],[0.1584,47.1802],[0.127,47.1896],[0.0996,47.2029],[0.0754,47.2182]]},"properties":{"dissolve":"1057River","scalerank":9,"featurecla":"River","name":"Vienne","name_alt":null,"rivernum":1057,"note":null,"min_zoom":7.1,"name_en":"Vienne","min_label":8.1}},
{"type":"Feature","geometry":{"type":"MultiLineString","coordinates":[[[9.1276,47.6707],[9.1829,47.6707]],[[9.4087,46.8346],[9.4963,46.8631],[9.5322,46.8875],[9.5527,46.9308],[9.5459,46.9614],[9.5459,46.9643],[9.5405,46.9747],[9.4956,47.0265],[9.4846,47.0432],[9.477,47.0599],[9.4754,47.0735],[9.487,47.0843],[9.5024,47.095],[9.5119,47.1083],[9.5112,47.1297],[9.5029,47.1456],[9.4922,47.1601],[9.4844,47.1766],[9.4868,47.2103],[9.5039,47.244],[9.5527,47.3001],[9.5868,47.3281],[9.5908,47.3349],[9.5959,47.3526],[9.6005,47.3615],[9.6392,47.3948],[9.6489,47.41],[9.6498,47.4523],[9.6211,47.4695],[9.584,47.481],[9.5544,47.5112]],[[8.7102,46.6227],[8.7141,46.6507],[8.7294,46.6693],[8.7478,46.6757],[8.7509,46.6763],[8.8291,46.6877],[8.8682,46.7149],[8.8923,46.7265],[8.9177,46.7343],[8.9649,46.7396],[9.0456,46.7578],[9.1357,46.7857],[9.1471,46.7867],[9.1829,46.7857],[9.197,46.7884],[9.2261,46.7974],[9.2646,46.8024],[9.3046,46.8161],[9.3466,46.8216],[9.3896,46.8321],[9.4155,46.8346]]]},"properties":{"dissolve":"105River","scalerank":4,"featurecla":"River","name":"Rhein","name_alt":null,"rivernum":105,"note":null,"min_zoom":4,"name_en":"Rhein","min_label":5}},
{"type":"Feature","geometry":{"type":"LineString","coordinates":[[6.8827,45.8056],[6.9285,45.8153],[6.9497,45.8153],[7.1049,45.7456],[7.1332,45.739],[7.231,45.7293],[7.2429,45.7327],[7.2543,45.7384],[7.2686,45.7438],[7.303,45.7487],[7.3381,45.7486],[7.4081,45.7451],[7.4628,45.7519],[7.4673,45.754],[7.4761,45.7615],[7.4807,45.7642],[7.4872,45.7649],[7.4922,45.7628],[7.4968,45.7602],[7.5024,45.7593],[7.5247,45.7654],[7.5341,45.7659],[7.5442,45.764],[7.5668,45.757],[7.5788,45.7554],[7.6358,45.7588],[7.6514,45.7504],[7.6614,45.7227],[7.6667,45.6984],[7.6733,45.6861],[7.6867,45.6793],[7.7122,45.6715],[7.7322,45.6606],[7.759,45.6299],[7.7775,45.6153],[7.8233,45.5914],[7.8342,45.5763],[7.8406,45.5472],[7.8403,45.5373],[7.8379,45.5316],[7.8372,45.5261],[7.8416,45.5161],[7.8518,45.505],[7.8936,45.4837],[7.9074,45.4667],[7.9172,45.4234],[7.9255,45.409],[7.9396,45.392],[7.948,45.3697],[7.9568,45.326],[7.9551,45.3236],[7.9507,45.321],[7.9468,45.3178],[7.9458,45.3131],[7.9487,45.3094],[7.9579,45.3021],[7.9612,45.2981],[7.9677,45.2875],[8.0186,45.2283],[8.036,45.2137],[8.0363,45.2134]]},"properties":{"dissolve":"1062River","scalerank":9,"featurecla":"River","name":"Dora Baltea","name_alt":null,"rivernum":1062,"note":null,"min_zoom":7.1,"name_en":"Dora Baltea","min_label":8.1}},
{"type":"Feature","geometry":{"type":"LineString","coordinates":[[6.6812,44.9222],[6.6596,44.9116],[6.6215,44.8841],[6.5808,44.8404],[6.5751,44.8277],[6.5725,44.8099],[6.5745,44.7665],[6.5778,44.7483],[6.5986,44.7032],[6.603,44.681],[6.5933,44.657],[6.5432,44.6113],[6.5283,44.5922],[6.5049,44.5683],[6.4758,44.5579],[6.3999,44.5519],[6.3906,44.5493],[6.3652,44.5347],[6.3247,44.4936],[6.297,44.4768],[6.2587,44.4678],[6.0944,44.4736],[6.0735,44.4676],[6.032,44.4344],[6.0163,44.4257],[5.9817,44.4141],[5.9661,44.4057],[5.9558,44.3955],[5.9373,44.3624],[5.928,44.3536],[5.9177,44.3458],[5.9086,44.337],[5.9038,44.3254],[5.9065,44.3165],[5.9142,44.3125],[5.9196,44.306],[5.9162,44.2895],[5.9143,44.2685],[5.9226,44.2469],[5.9375,44.2298],[5.9553,44.2223],[5.9599,44.2095],[5.9651,44.1826],[5.9697,44.1696],[6.0042,44.1135],[6.0112,44.0965],[6.0098,44.0794],[5.9963,44.0598],[5.9404,44.014],[5.9238,43.9929],[5.9118,43.9691],[5.8869,43.8942],[5.8711,43.8629],[5.759,43.7362],[5.7356,43.7179],[5.7109,43.7061],[5.6445,43.6949],[5.6223,43.6807],[5.5825,43.666],[5.5309,43.6693],[5.4136,43.6952],[5.3952,43.7019],[5.3779,43.7112],[5.3473,43.7344],[5.3366,43.7398],[5.3249,43.7416],[5.3083,43.7421],[5.2546,43.7493],[5.1926,43.7491],[5.0872,43.7868],[5.0659,43.7985],[4.9685,43.8667],[4.9059,43.8955],[4.7725,43.9328],[4.7627,43.9322]]},"properties":{"dissolve":"1063River","scalerank":9,"featurecla":"River","name":"Durance","name_alt":null,"rivernum":1063,"note":null,"min_zoom":7.1,"name_en":"Durance","min_label":8.1}},
{"type":"Feature","geometry":{"type":"LineString","coordinates":[[3.5852,44.2191],[3.5811,44.2464],[3.5839,44.2699],[3.5959,44.2964],[3.5979,44.3128],[3.59,44.3343],[3.5715,44.3588],[3.5635,44.3628],[3.5571,44.3729],[3.54,44.375],[3.5283,44.3746],[3.5146,44.3705],[3.506,44.3644],[3.4985,44.3565],[3.4898,44.3497],[3.4777,44.3469],[3.4673,44.3494],[3.4348,44.3662],[3.4211,44.3679],[3.4091,44.3655],[3.3128,44.3245],[3.2516,44.3231],[3.2393,44.3148],[3.2297,44.2524],[3.2251,44.2401],[3.2192,44.2314],[3.2119,44.2254],[3.2029,44.221],[3.1638,44.2083],[3.1237,44.1784],[3.1022,44.1409],[3.0767,44.1094],[3.0247,44.0979],[2.9714,44.0968],[2.9189,44.0888],[2.9163,44.0864],[2.9142,44.0821],[2.9109,44.0776],[2.9052,44.0749],[2.8835,44.076],[2.8415,44.0882],[2.8202,44.0875],[2.8144,44.0843],[2.8034,44.0743],[2.7978,44.0704],[2.7883,44.0672],[2.7686,44.0629],[2.7593,44.0591],[2.7477,44.0503],[2.7267,44.0286],[2.7151,44.0194],[2.6816,44.0096],[2.6094,44.0158],[2.5759,44.0109],[2.5545,43.9989],[2.516,43.9688],[2.495,43.9571],[2.4666,43.9506],[2.1157,43.9361],[2.0662,43.9261],[1.9865,43.9186],[1.9611,43.9132],[1.9067,43.8917],[1.8189,43.8746],[1.8088,43.8692],[1.7922,43.8538],[1.7861,43.8494],[1.7644,43.8387],[1.7272,43.8089],[1.7066,43.7973],[1.6755,43.7906],[1.6438,43.7924],[1.6117,43.801],[1.5803,43.8143],[1.5186,43.8512],[1.4707,43.8961],[1.4514,43.908],[1.3854,43.9235],[1.3661,43.9343],[1.3552,43.9482],[1.329,44.0113],[1.3269,44.0181],[1.324,44.0246],[1.3171,44.0339],[1.2471,44.1038],[1.2258,44.1155],[1.1992,44.1185],[1.1428,44.1075],[1.1235,44.107],[1.0855,44.1177],[1.0708,44.1174],[1.0581,44.1131],[1.0459,44.106],[1.0359,44.0965],[1.0291,44.0828]]},"properties":{"dissolve":"1064River","scalerank":9,"featurecla":"River","name":"Tarn","name_alt":null,"rivernum":1064,"note":"Changed in 2.0","min_zoom":7.1,"name_en":"Tarn","min_label":8.1}},
{"type":"Feature","geometry":{"type":"LineString","coordinates":[[5.4077,47.8772],[5.3875,47.8773],[5.3638,47.8826],[5.3318,47.8985],[5.3234,47.9028],[5.2991,47.925],[5.2627,48.0045],[5.2422,48.0272],[5.1929,48.0578],[5.1792,48.0718],[5.1624,48.0945],[5.1569,48.1048],[5.1528,48.118],[5.1511,48.1365],[5.1599,48.1822],[5.1559,48.2043],[5.1394,48.2409],[5.1394,48.2651],[5.1477,48.2934],[5.1448,48.307],[5.1283,48.3162],[5.1326,48.3179],[5.1372,48.3216],[5.1418,48.3269],[5.1463,48.3336],[5.154,48.3482],[5.1599,48.3641],[5.1633,48.3793],[5.1633,48.3916],[5.153,48.4373],[5.1538,48.4429],[5.1614,48.4521],[5.1621,48.4564],[5.1563,48.4623],[5.1332,48.4812],[5.1133,48.5113],[5.0597,48.5627],[5.0422,48.5887],[5.0415,48.5937],[5.0441,48.6057],[5.0434,48.6096],[5.0363,48.6133],[5.0295,48.6124],[5.0225,48.6105],[5.0158,48.6114],[4.9921,48.6225],[4.9706,48.6289],[4.9483,48.6314],[4.9006,48.6313],[4.8374,48.6446],[4.7952,48.6458],[4.7114,48.6386],[4.669,48.6469],[4.6448,48.6584],[4.5842,48.7029],[4.5806,48.7103],[4.5742,48.7464],[4.5683,48.7567],[4.5601,48.7661],[4.5507,48.7741],[4.5407,48.7806],[4.5332,48.789],[4.5125,48.8284],[4.4939,48.8463],[4.4734,48.8616],[4.4638,48.8653],[4.4412,48.8702],[4.4338,48.8752],[4.4186,48.8956],[4.4108,48.9038],[4.4003,48.9124],[4.3687,48.9319],[4.3589,48.9407],[4.3401,48.9696],[4.3298,48.9779],[4.3118,48.9851],[4.249,48.9997],[4.1677,49.0394],[4.1366,49.0453],[4.0339,49.0467],[4.0197,49.0494],[4.0148,49.0549],[4.0124,49.062],[4.0051,49.0692],[3.9949,49.0727],[3.9596,49.0758],[3.8945,49.0886],[3.8062,49.0826],[3.7568,49.0903],[3.5407,49.0889],[3.5138,49.0811],[3.4636,49.0555],[3.436,49.0489],[3.4138,49.0474],[3.4033,49.045],[3.3935,49.04],[3.3892,49.035],[3.3838,49.0214],[3.3801,49.0156],[3.3733,49.0101],[3.3462,48.9958],[3.3298,48.9901],[3.28,48.9815],[3.2634,48.9779],[3.2476,48.9776],[3.2322,48.9804],[3.1987,48.9921],[3.186,48.9932],[3.1751,48.9886],[3.1436,48.9661],[3.1253,48.9588],[3.1057,48.9553],[3.0383,48.9564],[3.0138,48.961],[3.0039,48.9699],[3.0153,48.9772],[3.0353,48.9811],[3.0473,48.9897],[3.0347,49.0109],[3.0244,49.0165],[3.0176,49.0122],[3.0114,49.0042],[3.0033,48.9991],[2.9924,48.9986],[2.9567,49.0026],[2.9526,49.004],[2.948,49.0029],[2.9401,48.9963],[2.9308,48.9838],[2.9356,48.9796],[2.9435,48.9755],[2.9436,48.9634],[2.9286,48.9464],[2.9086,48.9438],[2.8884,48.9467],[2.8728,48.946],[2.8648,48.9374],[2.8523,48.9122],[2.8445,48.9056],[2.8294,48.9064],[2.8205,48.9149],[2.8085,48.9383],[2.7959,48.9433],[2.7781,48.9383],[2.7573,48.9298],[2.7217,48.9204],[2.7236,48.9149],[2.7395,48.9057],[2.7498,48.9027],[2.7626,48.902],[2.768,48.899],[2.7565,48.8885],[2.7353,48.8806],[2.6371,48.8726],[2.5727,48.8792],[2.563,48.8789],[2.5536,48.8774],[2.5456,48.8736],[2.5375,48.8647],[2.5254,48.845],[2.5139,48.8366],[2.492,48.8328],[2.4824,48.8292],[2.4826,48.8223],[2.4932,48.8175],[2.5085,48.8134],[2.52,48.8072],[2.52,48.7955],[2.5086,48.7869],[2.4944,48.7888],[2.4806,48.7965],[2.4567,48.814],[2.4416,48.8179],[2.4255,48.8182],[2.4092,48.8161]]},"properties":{"dissolve":"1069River","scalerank":9,"featurecla":"River","name":"Marne","name_alt":null,"rivernum":1069,"note":null,"min_zoom":7.1,"name_en":"Marne","min_label":8.1}},
{"type":"Feature","geometry":{"type":"LineString","coordinates":[[1.8838,42.5646],[1.8499,42.5371],[1.8395,42.5245],[1.852,42.5024],[1.8828,42.4542],[1.8757,42.4173],[1.8235,42.401],[1.7768,42.3919],[1.5512,42.3778],[1.4834,42.3736],[1.4497,42.3672],[1.4202,42.353],[1.3803,42.3269],[1.363,42.3111],[1.3516,42.2907],[1.3005,42.079],[1.2941,42.0645],[1.2334,41.9759],[1.2136,41.954],[1.1873,41.9343],[1.1648,41.9273],[1.0348,41.9103],[0.9672,41.9139],[0.9325,41.9114],[0.9011,41.9002],[0.8357,41.8546],[0.8251,41.8453],[0.8129,41.826],[0.789,41.76],[0.7715,41.7351],[0.7058,41.6704],[0.6795,41.6568],[0.6577,41.6415],[0.6172,41.6026],[0.6105,41.5938],[0.6061,41.5865],[0.5999,41.5803],[0.5877,41.5743],[0.5776,41.572],[0.5579,41.5714],[0.5483,41.5699],[0.5242,41.5576],[0.4701,41.4989],[0.3371,41.4068],[0.3124,41.3725]]},"properties":{"dissolve":"1120River","scalerank":9,"featurecla":"River","name":"Segre","name_alt":null,"rivernum":1120,"note":"Version 1.2 edit in N. America and Europe","min_zoom":7.1,"name_en":"Segre","min_label":8.1}},
{"type":"Feature","geometry":{"type":"MultiLineString","coordinates":[[[6.1033,52],[6.0949,51.9976],[6.0889,52]],[[6.0303,52],[6.0288,51.9995],[6.0016,51.9898],[5.9938,51.9743],[5.9647,51.9723],[5.9549,51.9645],[5.9394,51.9587]]]},"properties":{"dissolve":"1147River","scalerank":4,"featurecla":"River","name":"IJssel","name_alt":null,"rivernum":1147,"note":"Version 1.3","min_zoom":4,"name_en":"IJssel","min_label":5}},
{"type":"Feature","geometry":{"type":"LineString","coordinates":[[4.7127,47.5126],[4.7041,47.527],[4.7009,47.541],[4.7048,47.5545],[4.7053,47.5718],[4.7077,47.5779],[4.7045,47.5853],[4.6974,47.5916],[4.6904,47.5997],[4.6872,47.6126],[4.687,47.6359],[4.6853,47.6444],[4.6736,47.6786],[4.6675,47.6844],[4.653,47.6912],[4.6231,47.6976],[4.6104,47.7033],[4.6052,47.7147],[4.5996,47.741],[4.5852,47.763],[4.5652,47.7806],[4.5431,47.7936],[4.5466,47.8059],[4.5637,47.8345],[4.5705,47.8526],[4.5762,47.8626],[4.5847,47.8692],[4.5662,47.8689],[4.553,47.8754],[4.5437,47.8858],[4.5369,47.8966],[4.5429,47.8994],[4.5457,47.9026],[4.5476,47.9062],[4.5505,47.9102],[4.5361,47.9199],[4.5059,47.9581],[4.5055,47.9669],[4.4917,47.9858],[4.4754,48.0037],[4.4675,48.0093],[4.4535,48.027],[4.3926,48.062],[4.3787,48.0921],[4.3787,48.1129],[4.3759,48.1231],[4.366,48.1287],[4.3447,48.1362],[4.3356,48.1408],[4.3305,48.1452],[4.3245,48.1485],[4.3135,48.1498],[4.2844,48.1485],[4.2756,48.1498],[4.1828,48.2126],[4.1596,48.2119],[4.1528,48.2261],[4.145,48.2391],[4.1343,48.2502],[4.1255,48.2591],[4.1118,48.2752],[4.0845,48.3249],[4.0671,48.3354],[4.0434,48.3429],[4.0053,48.3758],[3.9773,48.3919],[3.9404,48.4446],[3.9133,48.4724],[3.9037,48.4871],[3.9058,48.4993],[3.8728,48.5217],[3.8311,48.5288],[3.7873,48.5313],[3.7481,48.5402],[3.7433,48.5445],[3.731,48.5607],[3.7266,48.5629],[3.7209,48.5668],[3.716,48.5687],[3.7139,48.5645],[3.7118,48.5621],[3.707,48.5587],[3.7012,48.5558],[3.697,48.5545],[3.6765,48.5532],[3.655,48.5488],[3.6357,48.5413],[3.6213,48.5303],[3.6082,48.523],[3.5889,48.5205],[3.5501,48.5198],[3.5439,48.522],[3.537,48.5262],[3.5313,48.5263],[3.529,48.5167],[3.5248,48.5122],[3.5049,48.5014],[3.4985,48.4993],[3.4889,48.4984],[3.476,48.494],[3.4675,48.4925],[3.4616,48.4927],[3.456,48.4937],[3.4492,48.494],[3.4402,48.4925],[3.4392,48.4899],[3.4191,48.4726],[3.4098,48.4693],[3.402,48.4694],[3.396,48.4676],[3.3923,48.4583],[3.3849,48.4583],[3.3708,48.4658],[3.3503,48.4669],[3.3316,48.4611],[3.3235,48.4481],[3.3146,48.4393],[3.2939,48.4317],[3.2546,48.4241],[3.2102,48.4334],[3.1873,48.4357],[3.169,48.4279],[3.1545,48.418],[3.1132,48.4012],[3.0969,48.3968],[3.0747,48.3956],[3.0122,48.4037],[2.9614,48.3962],[2.863,48.3816],[2.8511,48.3869],[2.8469,48.3913],[2.8268,48.4017],[2.8201,48.4037],[2.8151,48.4027],[2.8057,48.398],[2.7997,48.3968],[2.7959,48.3998],[2.7964,48.4066],[2.7978,48.4135],[2.7966,48.4173],[2.783,48.4187],[2.7686,48.4178],[2.7559,48.4183],[2.7475,48.4241],[2.7458,48.4371],[2.7527,48.4475],[2.7624,48.4564],[2.768,48.4652],[2.7617,48.484],[2.7393,48.4877],[2.7109,48.4871],[2.6867,48.4925],[2.678,48.5021],[2.677,48.5122],[2.6774,48.5229],[2.6718,48.534],[2.6603,48.5404],[2.6497,48.5377],[2.6314,48.5266],[2.6143,48.5232],[2.605,48.5244],[2.583,48.534],[2.5471,48.5424],[2.5352,48.5471],[2.5352,48.5545],[2.5484,48.5611],[2.5441,48.5667],[2.5154,48.575],[2.4917,48.5759],[2.4885,48.5828],[2.488,48.6054],[2.4758,48.6295],[2.4473,48.6523],[2.3919,48.6849],[2.426,48.7149],[2.4409,48.7315],[2.4431,48.7429],[2.4277,48.7568],[2.422,48.7637],[2.4197,48.7708],[2.4203,48.7918],[2.4182,48.7967],[2.4123,48.8078],[2.3909,48.8338],[2.3588,48.8554],[2.3225,48.8668],[2.2888,48.8624],[2.2548,48.8385],[2.2354,48.8338],[2.2268,48.8528],[2.2332,48.8691],[2.2485,48.8863],[2.2666,48.9012],[2.282,48.9108],[2.3191,48.9234],[2.3273,48.9307],[2.3298,48.9483],[2.3189,48.9581],[2.2947,48.9567],[2.2546,48.9449],[2.2293,48.9283],[2.2139,48.9208],[2.1963,48.9177],[2.1838,48.9129],[2.1629,48.8905],[2.1516,48.8829],[2.1249,48.8862],[2.1218,48.9107],[2.1362,48.9385],[2.1665,48.9541],[2.1723,48.96],[2.177,48.9678],[2.179,48.9757],[2.1774,48.985],[2.1731,48.9886],[2.1667,48.9901],[2.1453,48.9972],[2.0933,49.0002],[2.0728,48.9952],[2.061,48.983],[2.0418,48.9518],[2.0244,48.9428],[2.0083,48.9466],[2.0003,48.9598],[2.0077,48.9791],[1.99,49.0014],[1.978,49.0095],[1.9599,49.0139],[1.9411,49.0136],[1.8139,48.9813],[1.7988,48.9793],[1.7647,48.9791],[1.7512,48.9822],[1.7339,48.9901],[1.7192,49.0001],[1.7128,49.0101],[1.704,49.0135],[1.6479,49.0139],[1.6193,49.0202],[1.6369,49.0355],[1.6991,49.069],[1.6747,49.0764],[1.6535,49.0782],[1.6331,49.0736],[1.5891,49.0475],[1.5776,49.0428],[1.562,49.0411],[1.547,49.0464],[1.5348,49.0579],[1.5252,49.0694],[1.5138,49.0775],[1.5097,49.091],[1.5073,49.0958],[1.502,49.0978],[1.4855,49.1005],[1.4794,49.1026],[1.457,49.1262],[1.449,49.13],[1.439,49.133],[1.4321,49.1403],[1.426,49.1494],[1.4186,49.1572],[1.3871,49.1743],[1.3845,49.1783],[1.3588,49.1833],[1.3464,49.1975],[1.3506,49.2124],[1.3743,49.2193],[1.3899,49.2264],[1.3897,49.2412],[1.3755,49.2534],[1.3498,49.2534],[1.3334,49.2446],[1.2956,49.218],[1.2786,49.2125],[1.2682,49.2136],[1.2439,49.2193],[1.2328,49.2235],[1.2353,49.2329],[1.2428,49.2423],[1.2473,49.2466],[1.2538,49.2564],[1.2587,49.2604],[1.2612,49.2658],[1.2602,49.2917],[1.2587,49.3005],[1.2539,49.3061],[1.0886,49.3146],[1.0347,49.2974],[1.0063,49.2945],[0.9934,49.3081],[1.0033,49.3194],[1.0264,49.328],[1.0527,49.3334],[1.0925,49.3369],[1.1086,49.3429],[1.1193,49.3553],[1.1238,49.3763],[1.1148,49.4119],[1.0898,49.44],[1.0562,49.45],[1.0214,49.4309],[1.0007,49.372],[0.99,49.3627],[0.9523,49.3562],[0.933,49.3575],[0.9177,49.3701],[0.9136,49.3887],[0.9192,49.4077],[0.9277,49.4274],[0.9321,49.4486],[0.9291,49.4728],[0.9201,49.4862],[0.905,49.4901],[0.874,49.4836],[0.8666,49.481],[0.8609,49.4759],[0.8562,49.4657],[0.8572,49.4584],[0.8666,49.4309],[0.8723,49.4256],[0.8679,49.4141],[0.8604,49.4035],[0.8562,49.4005],[0.851,49.3944],[0.8393,49.399],[0.8115,49.42],[0.809,49.4262],[0.8085,49.4383],[0.8202,49.4558],[0.8249,49.4674],[0.8193,49.4725],[0.8139,49.4747],[0.8,49.4841],[0.7803,49.4889],[0.778,49.4957],[0.7783,49.5046],[0.7743,49.5135],[0.7597,49.5221],[0.7399,49.5261],[0.6955,49.5272],[0.6812,49.5196],[0.6716,49.5019],[0.6584,49.4657],[0.6476,49.4531],[0.6338,49.4446],[0.6159,49.4399],[0.5925,49.4383],[0.5729,49.444],[0.5402,49.4732],[0.5204,49.4862],[0.5081,49.4921],[0.5019,49.4936],[0.4932,49.4936]]},"properties":{"dissolve":"129River","scalerank":4,"featurecla":"River","name":"Seine","name_alt":null,"rivernum":129,"note":null,"min_zoom":4,"name_en":"Seine","min_label":5}},
{"type":"Feature","geometry":{"type":"LineString","coordinates":[[8.8811,47.6564],[8.8521,47.671],[8.8157,47.6843],[8.7765,47.6937],[8.6398,47.6962],[8.6315,47.6905],[8.6245,47.6815],[8.6074,47.6707],[8.6174,47.6663],[8.6245,47.659],[8.6248,47.6506],[8.6143,47.6427],[8.6067,47.6566],[8.6025,47.6475],[8.5999,47.6126],[8.5944,47.6005],[8.568,47.5755],[8.5596,47.5608],[8.5393,47.5687],[8.523,47.5777],[8.5051,47.585],[8.4802,47.5881],[8.4175,47.5811],[8.3535,47.5812],[8.3157,47.5881],[8.3058,47.5925],[8.2988,47.6021],[8.2934,47.6117],[8.2881,47.616],[8.2765,47.6169],[8.2505,47.6223],[8.2324,47.6221],[8.1786,47.616],[8.1733,47.6138],[8.1684,47.6089],[8.1616,47.604],[8.1432,47.6004],[8.1216,47.5924],[8.1133,47.5881],[8.105,47.5815],[8.1008,47.5764],[8.0964,47.5721],[8.0867,47.5677],[8.0417,47.5608],[7.9116,47.5608],[7.9089,47.5651],[7.907,47.5745],[7.9037,47.5838],[7.8976,47.5881],[7.8332,47.5908],[7.8191,47.5955],[7.801,47.5763],[7.7849,47.5634],[7.7661,47.5562],[7.6829,47.5445],[7.6609,47.5465],[7.6091,47.565],[7.5886,47.5677],[7.5835,47.5729],[7.5854,47.5843],[7.5896,47.595],[7.592,47.5987],[7.5898,47.6082],[7.5846,47.6135],[7.5781,47.6172],[7.572,47.6223],[7.5497,47.6527],[7.5361,47.6655],[7.5213,47.6707],[7.5173,47.6753],[7.5141,47.6861],[7.5112,47.7076],[7.5148,47.7136],[7.5315,47.7255],[7.5374,47.7321],[7.5378,47.7484],[7.5254,47.7834],[7.5281,47.7973],[7.5424,47.8297],[7.5479,47.8345],[7.5615,47.8395],[7.5637,47.8507],[7.5585,47.8692],[7.5586,47.8737],[7.5579,47.8763],[7.5573,47.8788],[7.5585,47.8829],[7.5615,47.8874],[7.5679,47.8916],[7.572,47.8966],[7.5784,47.9066],[7.5801,47.9111],[7.5789,47.9273],[7.5845,47.9407],[7.6111,47.9597],[7.6206,47.9717],[7.6184,48.0029],[7.5752,48.0539],[7.572,48.0952],[7.5783,48.1148],[7.5851,48.13],[7.5923,48.1389],[7.5991,48.145],[7.6043,48.1529],[7.6064,48.1672],[7.6128,48.1795],[7.676,48.2387],[7.6865,48.2532],[7.6929,48.2701],[7.695,48.2905],[7.7019,48.3115],[7.718,48.3203],[7.7363,48.3269],[7.7503,48.3416],[7.7515,48.3556],[7.7463,48.369],[7.7398,48.3817],[7.7366,48.3937],[7.7378,48.4068],[7.7451,48.4333],[7.7503,48.4446],[7.7571,48.4542],[7.7637,48.4606],[7.7688,48.4703],[7.7708,48.4893],[7.7759,48.4984],[7.7879,48.5065],[7.8129,48.5198],[7.8129,48.5266],[7.8012,48.5478],[7.8013,48.5826],[7.8097,48.6153],[7.8518,48.659],[7.8635,48.6644],[7.8801,48.6679],[7.8954,48.6768],[7.9228,48.6986],[7.9346,48.7036],[7.948,48.7122],[7.9587,48.7216],[7.9631,48.7296],[7.9644,48.7486],[7.9697,48.7575],[7.981,48.76],[8.009,48.7604],[8.0168,48.762],[8.0224,48.7653],[8.0246,48.7708],[8.0268,48.7803],[8.0314,48.7856],[8.0361,48.7885],[8.0383,48.791],[8.047,48.7913],[8.0837,48.8044],[8.0898,48.8078],[8.1022,48.8216],[8.1475,48.904],[8.1787,48.9429],[8.1997,48.9588],[8.23,48.9654]]},"properties":{"dissolve":"140River","scalerank":4,"featurecla":"River","name":"Rhin","name_alt":"Rhein","rivernum":140,"note":null,"min_zoom":4,"name_en":"Rhein","min_label":5}},
{"type":"Feature","geometry":{"type":"LineString","coordinates":[[6.031,51.8797],[6.0308,51.8806],[6.0281,51.8898],[6.0246,51.8964],[6.0187,51.9006],[6.0092,51.9056],[5.9812,51.9163],[5.9673,51.9245],[5.9614,51.9361],[5.9518,51.9501],[5.9295,51.965],[5.8862,51.9875],[5.8617,51.9733],[5.804,51.9734],[5.7839,51.9596],[5.7426,51.9686],[5.7055,51.963],[5.6682,51.9523],[5.6262,51.9466],[5.582,51.9532],[5.5049,51.9819],[5.4617,51.9875],[5.4494,51.9854],[5.4295,51.9766],[5.4202,51.9739],[5.4089,51.9742],[5.3827,51.9801],[5.3604,51.9769],[5.3311,51.963]]},"properties":{"dissolve":"141River","scalerank":4,"featurecla":"River","name":"Nederrijn","name_alt":null,"rivernum":141,"note":null,"min_zoom":4,"name_en":"Nederrijn","min_label":5}},
{"type":"Feature","geometry":{"type":"MultiLineString","coordinates":[[[5.3311,51.963],[5.3103,51.9596],[5.2542,51.979],[5.2392,51.977],[5.2212,51.9683],[5.1973,51.9655],[5.1728,51.9676],[5.154,51.9739],[5.1445,51.9811],[5.1306,51.9959],[5.1222,52]],[[5.0938,52],[5.0866,51.9966],[5.0637,51.9927],[5.0549,51.9885],[5.0403,51.977],[5.0302,51.9742],[4.9888,51.9801],[4.9867,51.9785],[4.9546,51.9671],[4.9265,51.9492],[4.9165,51.9466],[4.851,51.9492],[4.8306,51.9466],[4.7761,51.9224],[4.7402,51.916],[4.6809,51.8981],[4.595,51.8981],[4.5717,51.9014],[4.528,51.9155],[4.509,51.9186],[4.4612,51.9056],[4.3408,51.8956],[4.3088,51.8983],[4.277,51.9122],[4.2382,51.9186],[4.1277,51.9821],[4.0984,51.9891]]]},"properties":{"dissolve":"142River","scalerank":4,"featurecla":"River","name":"Lek","name_alt":null,"rivernum":142,"note":null,"min_zoom":4,"name_en":"Lek","min_label":5}},
{"type":"Feature","geometry":{"type":"LineString","coordinates":[[8.23,48.9654],[8.2624,48.9883],[8.2835,49.0098],[8.3569,49.1094],[8.3613,49.1195],[8.3805,49.2147],[8.3871,49.2319],[8.398,49.2391],[8.4107,49.2435],[8.4797,49.2968],[8.4833,49.3094],[8.4597,49.3149],[8.4617,49.3233],[8.4976,49.3763],[8.4975,49.3863],[8.491,49.4029],[8.49,49.4111],[8.4919,49.413],[8.5014,49.429],[8.5044,49.4309],[8.4937,49.4425],[8.4777,49.4462],[8.4594,49.4476],[8.4423,49.452],[8.4423,49.4588],[8.4634,49.4657],[8.4634,49.4725],[8.45,49.4911],[8.4275,49.534],[8.4082,49.555],[8.4167,49.5793],[8.3998,49.6102],[8.3753,49.6409],[8.3604,49.6643],[8.3621,49.6907],[8.3789,49.7103],[8.4063,49.7223],[8.4389,49.7264],[8.4606,49.7436],[8.4736,49.7573],[8.4765,49.7674],[8.4624,49.7709],[8.4421,49.7679],[8.4236,49.7672],[8.4157,49.7776],[8.4136,49.7845],[8.4085,49.7925],[8.3897,49.8151],[8.3862,49.8237],[8.384,49.8321],[8.3801,49.8424],[8.3703,49.8565],[8.3474,49.8784],[8.3399,49.8909],[8.355,49.9255],[8.3352,49.9595],[8.228,50.038],[8.2128,50.0443],[8.2006,50.0462],[8.1736,50.0457],[8.0483,50.0183],[8.0095,49.9991],[7.9617,49.983],[7.9185,49.9737],[7.8779,49.9728],[7.8601,49.9899],[7.8572,50.0025],[7.8496,50.0106],[7.7849,50.0484],[7.7651,50.0637],[7.7571,50.0861],[7.7524,50.093],[7.7302,50.1133],[7.7229,50.1236],[7.7243,50.1446],[7.7199,50.1584],[7.7061,50.1646],[7.693,50.1669],[7.6513,50.1788],[7.643,50.1847],[7.6243,50.2139],[7.613,50.226],[7.5881,50.2409],[7.5793,50.2499],[7.5886,50.254],[7.6218,50.2539],[7.6365,50.2557],[7.6479,50.2608],[7.6479,50.2676],[7.6159,50.2869],[7.601,50.3005],[7.592,50.3155],[7.5912,50.3322],[7.5972,50.348],[7.6058,50.364],[7.606,50.3644],[7.613,50.3837],[7.5808,50.4112],[7.5436,50.4175],[7.5034,50.4175],[7.4628,50.4253],[7.3984,50.4498],[7.3872,50.4492],[7.3325,50.4868],[7.2693,50.5668],[7.2431,50.583],[7.2233,50.5892],[7.2133,50.5958],[7.2095,50.6087],[7.209,50.6338],[7.2055,50.6511],[7.1965,50.6696],[7.1853,50.6866],[7.175,50.699],[7.1591,50.7102],[7.121,50.7287],[7.106,50.7399],[7.0886,50.7637],[7.082,50.7673],[7.0712,50.7695],[7.0434,50.7804],[7.0378,50.7847],[7.0281,50.8055],[7.0066,50.8199],[6.9854,50.8305],[6.9756,50.8399],[6.9863,50.8554],[7.0356,50.8749],[7.0514,50.8908],[6.9856,50.9017],[6.9756,50.9085],[6.9736,50.9184],[6.9646,50.934],[6.9627,50.9427],[6.9663,50.9528],[6.9839,50.9624],[6.9893,50.9727],[6.9863,50.9802],[6.9776,50.9856],[6.968,50.99],[6.9627,50.9945],[6.9627,51.004],[6.9687,51.0242],[6.9661,51.0279],[6.9506,51.0332],[6.8943,51.0689],[6.86,51.0728],[6.8528,51.0764],[6.8513,51.0868],[6.8591,51.093],[6.8689,51.0968],[6.8738,51.1003],[6.8781,51.1139],[6.8757,51.1207],[6.8494,51.1276],[6.8479,51.1365],[6.8528,51.1515],[6.8457,51.1597],[6.8434,51.1608],[6.8389,51.159],[6.8255,51.1583],[6.811,51.1512],[6.8022,51.1511],[6.7981,51.1614],[6.7931,51.1835],[6.7797,51.1852],[6.7598,51.1813],[6.7361,51.1862],[6.728,51.1965],[6.7234,51.2123],[6.7243,51.227],[6.7329,51.2334],[6.7409,51.2313],[6.7495,51.2277],[6.7583,51.2261],[6.7671,51.2303],[6.7703,51.2376],[6.7661,51.2426],[6.7598,51.2468],[6.7565,51.2511],[6.7454,51.2564],[6.7224,51.2622],[6.7039,51.2709],[6.7053,51.2856],[6.7248,51.3029],[6.7288,51.3106],[6.7299,51.3262],[6.7114,51.3371],[6.676,51.3476],[6.6537,51.3601],[6.6746,51.3775],[6.6909,51.3804],[6.709,51.3809],[6.725,51.3829],[6.7361,51.3911],[6.7393,51.4068],[6.7324,51.4199],[6.7088,51.4395],[6.7088,51.4457],[6.7173,51.4534],[6.7206,51.4626],[6.717,51.4703],[6.7053,51.4737],[6.6889,51.4754],[6.6848,51.48],[6.6885,51.4866],[6.6951,51.4941],[6.7048,51.4999],[6.7149,51.5026],[6.7192,51.5069],[6.7122,51.5183],[6.7026,51.5257],[6.6923,51.5314],[6.6823,51.5383],[6.6746,51.5494],[6.6857,51.565],[6.6559,51.572],[6.5921,51.5767],[6.5921,51.5828],[6.594,51.5942],[6.5893,51.6126],[6.5867,51.6299],[6.5959,51.6375],[6.6006,51.6407],[6.5971,51.648],[6.5903,51.6554],[6.5859,51.6592],[6.5764,51.661],[6.5442,51.6592],[6.5105,51.6638],[6.4917,51.6686],[6.4792,51.6754],[6.4517,51.7036],[6.4362,51.7137],[6.414,51.72],[6.4203,51.7409],[6.4075,51.7536],[6.385,51.7599],[6.363,51.7616],[6.3422,51.7657],[6.3305,51.7759],[6.3223,51.7893],[6.3115,51.8026],[6.2778,51.8209],[6.0835,51.8539],[6.0679,51.8606],[6.0547,51.87],[6.0352,51.8793],[6.0308,51.8806],[6.0138,51.8853],[5.9955,51.8845],[5.991,51.8797],[5.9824,51.8627],[5.9751,51.8572],[5.9658,51.857],[5.9545,51.8597],[5.945,51.8636],[5.9295,51.8768],[5.9037,51.87],[5.8596,51.851],[5.8439,51.8532],[5.8132,51.8665],[5.7975,51.8702],[5.7907,51.8702],[5.7639,51.8873],[5.7188,51.8945],[5.543,51.9006],[5.4617,51.892],[5.4314,51.8748],[5.3738,51.8179],[5.3376,51.81],[5.3281,51.8139],[5.3139,51.8261],[5.3041,51.8299],[5.2927,51.8301],[5.2773,51.8251],[5.1806,51.8162],[5.1537,51.8184],[5.113,51.8277],[5.0918,51.8299],[4.9854,51.8237]]},"properties":{"dissolve":"150River","scalerank":4,"featurecla":"River","name":"Rhine","name_alt":null,"rivernum":150,"note":null,"min_zoom":4,"name_en":"Rhine","min_label":5}},
{"type":"Feature","geometry":{"type":"MultiLineString","coordinates":[[[4.9854,51.8237],[4.9346,51.8301],[4.9089,51.8298],[4.8701,51.8081],[4.8452,51.8031],[4.7902,51.8026],[4.7615,51.7889],[4.7398,51.7743],[4.7256,51.7569],[4.6755,51.7194]],[[4.4032,51.7083],[4.324,51.7287],[4.2562,51.757],[4.1602,51.8008],[4.0778,51.8437]]]},"properties":{"dissolve":"151River","scalerank":4,"featurecla":"River","name":"Waal","name_alt":null,"rivernum":151,"note":"Version 1.3","min_zoom":4,"name_en":"Waal","min_label":5}},
{"type":"Feature","geometry":{"type":"LineString","coordinates":[[-4.3093,43.0169],[-4.2764,43.0184],[-4.2501,43.025],[-4.2276,43.0269],[-4.2117,43.0225],[-4.1888,43.0112],[-4.1763,43.0086],[-4.1622,43.0084],[-4.1355,43.0123],[-4.1302,43.0124],[-4.1182,43.0103],[-4.0999,43.0091],[-4.086,43.0052],[-4.0733,42.9982],[-4.0644,42.9889],[-4.0589,42.9744],[-4.0561,42.97],[-4.0439,42.9582],[-4.0404,42.9539],[-4.0374,42.9472],[-4.0367,42.9401],[-4.0486,42.8819],[-4.0497,42.8671],[-4.0452,42.8427],[-4.034,42.8341],[-4.0179,42.829],[-3.9988,42.8153],[-3.9837,42.8129],[-3.9626,42.8214],[-3.9329,42.8392],[-3.8979,42.8497],[-3.8542,42.8541],[-3.8106,42.8511],[-3.7754,42.8392],[-3.7445,42.8123],[-3.7251,42.805],[-3.7037,42.8153],[-3.7002,42.8247],[-3.701,42.8372],[-3.705,42.8482],[-3.7108,42.8529],[-3.7176,42.857],[-3.7099,42.8658],[-3.6983,42.8732],[-3.6934,42.8734],[-3.6898,42.8912],[-3.691,42.9009],[-3.6885,42.9071],[-3.6736,42.9143],[-3.6616,42.9156],[-3.5998,42.9068],[-3.5879,42.9019],[-3.5801,42.8924],[-3.5774,42.8771],[-3.5708,42.8638],[-3.5551,42.8552],[-3.5221,42.8455],[-3.4887,42.8292],[-3.4538,42.7983],[-3.4276,42.7941],[-3.3337,42.8045],[-3.3166,42.8019],[-3.2905,42.7918],[-3.2757,42.7908],[-3.2545,42.7932],[-3.2398,42.7932],[-3.2261,42.7902],[-3.2074,42.784],[-3.1853,42.7888],[-3.1197,42.7686],[-3.0941,42.7744],[-3.0636,42.7852],[-3.0316,42.7727],[-3.0034,42.7531],[-2.9843,42.743],[-2.9688,42.7376],[-2.9435,42.7142],[-2.918,42.7057],[-2.8526,42.6653],[-2.8419,42.6557],[-2.8375,42.644],[-2.8377,42.6343],[-2.8362,42.6214],[-2.8301,42.6137],[-2.8164,42.6201],[-2.8128,42.6109],[-2.8149,42.6058],[-2.827,42.5959],[-2.827,42.5901],[-2.8213,42.5842],[-2.8131,42.5807],[-2.8061,42.5823],[-2.7937,42.5869],[-2.7616,42.5838],[-2.7481,42.5854],[-2.7502,42.581],[-2.755,42.5655],[-2.7202,42.5655],[-2.7202,42.5581],[-2.7258,42.5499],[-2.7207,42.5434],[-2.7092,42.5391],[-2.6963,42.5375],[-2.6849,42.5377],[-2.6769,42.5368],[-2.6676,42.533],[-2.6322,42.5125],[-2.618,42.5076],[-2.6116,42.5137],[-2.6063,42.5168],[-2.5952,42.5174],[-2.5853,42.5119],[-2.5836,42.4966],[-2.5715,42.5055],[-2.5579,42.5108],[-2.5418,42.5123],[-2.5222,42.5103],[-2.5243,42.5131],[-2.5255,42.5142],[-2.5267,42.515],[-2.529,42.5171],[-2.5242,42.525],[-2.5181,42.531],[-2.5108,42.5351],[-2.5017,42.5375],[-2.4918,42.52],[-2.4622,42.5071],[-2.4273,42.4993],[-2.3846,42.4946],[-2.3435,42.4829],[-2.2786,42.4898],[-2.2681,42.4868],[-2.2388,42.4719],[-2.2305,42.4656],[-2.2185,42.4533],[-2.2061,42.4464],[-2.1916,42.4428],[-2.1721,42.4414],[-2.1051,42.4451],[-2.0767,42.4425],[-2.0554,42.4283],[-2.0604,42.4234],[-2.065,42.4173],[-2.0697,42.4147],[-2.0557,42.399],[-2.0325,42.3929],[-1.9769,42.3929],[-1.9014,42.3253],[-1.8636,42.3048],[-1.8616,42.2993],[-1.8624,42.2919],[-1.8621,42.284],[-1.8574,42.2775],[-1.8514,42.2761],[-1.836,42.2781],[-1.8294,42.2775],[-1.8201,42.2728],[-1.796,42.2564],[-1.7476,42.2359],[-1.7271,42.2314],[-1.6917,42.2128],[-1.6688,42.2086],[-1.6553,42.2039],[-1.585,42.1527],[-1.5799,42.1417],[-1.5831,42.1022],[-1.5782,42.0889],[-1.5666,42.0769],[-1.5421,42.0578],[-1.5128,42.0397],[-1.44,42.0128],[-1.4112,41.9964],[-1.2911,41.8924],[-1.2537,41.8747],[-1.2507,41.8728],[-1.2446,41.8709],[-1.2291,41.8608],[-1.2105,41.8445],[-1.1927,41.8381],[-1.1833,41.8365],[-1.163,41.8356],[-1.1517,41.8319],[-1.145,41.8247],[-1.1423,41.8155],[-1.1383,41.8078],[-1.1272,41.8045],[-1.0863,41.8045],[-1.0825,41.8024],[-1.083,41.793],[-1.0791,41.7909],[-1.0736,41.7923],[-1.066,41.7973],[-1.0623,41.7971],[-1.005,41.7559],[-0.9903,41.7499],[-0.9717,41.7458],[-0.9547,41.7355],[-0.9251,41.7089],[-0.9211,41.7071],[-0.9082,41.7033],[-0.9047,41.7015],[-0.9038,41.697],[-0.9045,41.691],[-0.9072,41.6868],[-0.9114,41.6878],[-0.9097,41.6851],[-0.9064,41.6771],[-0.9047,41.6742],[-0.8997,41.6726],[-0.8862,41.6734],[-0.8804,41.6708],[-0.8721,41.6647],[-0.8619,41.6617],[-0.8394,41.6605],[-0.8343,41.6568],[-0.8153,41.6326],[-0.796,41.6187],[-0.7266,41.5854],[-0.6378,41.5612],[-0.6243,41.5611],[-0.5675,41.5312],[-0.5583,41.5234],[-0.5474,41.5169],[-0.5312,41.4888],[-0.5171,41.4824],[-0.5003,41.4805],[-0.4891,41.4746],[-0.4861,41.4639],[-0.4937,41.4483],[-0.4795,41.4497],[-0.4685,41.4488],[-0.4615,41.4434],[-0.4591,41.4312],[-0.4583,41.4145],[-0.4559,41.4053],[-0.442,41.39],[-0.4195,41.3724],[-0.4138,41.366],[-0.411,41.3546],[-0.4117,41.3422],[-0.4109,41.3308],[-0.4031,41.322],[-0.3941,41.32],[-0.3619,41.3224],[-0.3223,41.3182],[-0.2856,41.3209],[-0.2735,41.3198],[-0.2434,41.3116],[-0.134,41.3012],[-0.0581,41.2776],[-0.0303,41.2764],[-0.0037,41.2706],[0.0049,41.2716],[0.0117,41.2779],[0.0134,41.2853],[0.0101,41.3008],[0.0105,41.3081],[0.0151,41.3163],[0.0202,41.3184],[0.0263,41.3165],[0.0412,41.3081],[0.0479,41.3059],[0.0553,41.3067],[0.0641,41.3115],[0.0695,41.3167],[0.0784,41.3286],[0.0829,41.3333],[0.0911,41.3373],[0.0993,41.3382],[0.1078,41.338],[0.1169,41.3387],[0.1279,41.3475],[0.1304,41.3635],[0.1305,41.3819],[0.1348,41.3981],[0.1465,41.4095],[0.1614,41.4145],[0.2287,41.4144],[0.2446,41.4116],[0.2608,41.4039],[0.2881,41.3821],[0.298,41.3761],[0.3071,41.373],[0.335,41.3688],[0.3516,41.3624],[0.3649,41.3525],[0.3738,41.3388],[0.3771,41.3214],[0.3522,41.2791],[0.354,41.2562],[0.395,41.2543],[0.4055,41.2562],[0.417,41.2556],[0.4487,41.2503],[0.4561,41.2515],[0.4719,41.259],[0.4824,41.2623],[0.4927,41.263],[0.5029,41.2611],[0.513,41.2569],[0.5269,41.253],[0.5571,41.2518],[0.5689,41.2471],[0.5746,41.2383],[0.5764,41.2271],[0.5757,41.2047],[0.5823,41.1863],[0.5983,41.1784],[0.6182,41.1743],[0.6371,41.1671],[0.6463,41.1556],[0.6528,41.1372],[0.6569,41.1158],[0.6584,41.0951],[0.657,41.0771],[0.6518,41.0651],[0.6413,41.055],[0.5186,40.9799],[0.5,40.9548],[0.5093,40.9246],[0.5134,40.9032],[0.5105,40.8934],[0.5269,40.8839],[0.5309,40.8617],[0.528,40.817],[0.5349,40.7962],[0.55,40.7716],[0.5684,40.7511],[0.5859,40.7425],[0.5959,40.7393],[0.6157,40.7249],[0.6303,40.7215],[0.689,40.7289],[0.7192,40.7263],[0.7949,40.7078],[0.8237,40.7084],[0.8737,40.7279]]},"properties":{"dissolve":"155River","scalerank":5,"featurecla":"River","name":"Ebro","name_alt":null,"rivernum":155,"note":null,"min_zoom":4.7,"name_en":"Ebro","min_label":5.7}},
{"type":"Feature","geometry":{"type":"MultiLineString","coordinates":[[[-1.6601,40.5557],[-1.6422,40.5666],[-1.6357,40.5875],[-1.6343,40.6136],[-1.6289,40.6368],[-1.629,40.66],[-1.6416,40.6861],[-1.6584,40.7135],[-1.6691,40.7397],[-1.6832,40.7626],[-1.7083,40.7821],[-1.7423,40.7947],[-1.8137,40.8065],[-1.8487,40.8165],[-1.8753,40.8303],[-1.8906,40.8446],[-1.8993,40.8558],[-1.9097,40.8616],[-1.9245,40.8594],[-1.9659,40.8404],[-1.9882,40.833],[-2.046,40.826],[-2.1006,40.8277],[-2.1195,40.8262],[-2.1737,40.811],[-2.2424,40.8112],[-2.3113,40.805],[-2.328,40.8016],[-2.3406,40.7941],[-2.3504,40.7867],[-2.3673,40.7794],[-2.3865,40.76],[-2.3961,40.7525],[-2.4046,40.7495],[-2.4207,40.7481],[-2.4295,40.7463],[-2.4365,40.7429],[-2.4507,40.7326],[-2.4855,40.7294],[-2.5465,40.731],[-2.5769,40.7244]],[[-2.7327,40.5284],[-2.7488,40.5252],[-2.7545,40.5229],[-2.7608,40.5215],[-2.7672,40.521],[-2.7723,40.5049],[-2.7746,40.5]]]},"properties":{"dissolve":"165River","scalerank":5,"featurecla":"River","name":"Tajo","name_alt":null,"rivernum":165,"note":"Version 1.2 edit in N. America and Europe","min_zoom":4.7,"name_en":"Tajo","min_label":5.7}},
{"type":"Feature","geometry":{"type":"MultiLineString","coordinates":[[[8.3786,46.5788],[8.3692,46.5645],[8.3567,46.5564],[8.3482,46.5435],[8.3255,46.5272],[8.2927,46.5087],[8.2612,46.4888],[8.2505,46.4822],[8.1065,46.3935],[8.0383,46.3625],[8.0291,46.3491],[8.0075,46.3381],[7.9631,46.3247],[7.9243,46.3189],[7.7986,46.3247],[7.6267,46.3314],[7.6043,46.3272],[7.5679,46.3089],[7.4765,46.2905],[7.4296,46.2613],[7.3913,46.2539],[7.3616,46.2373],[7.1953,46.1813],[7.1021,46.1321],[7.0718,46.1282],[7.063,46.134],[7.0517,46.1454],[7.0419,46.1577],[7.0378,46.1661],[7.0369,46.1869],[7.0334,46.2001],[7.0259,46.2099],[7.0034,46.2308],[6.94,46.3075],[6.9353,46.3166],[6.9309,46.3343],[6.9202,46.3402],[6.9067,46.3421],[6.8943,46.348],[6.8906,46.3554],[6.8918,46.3629],[6.8942,46.3696],[6.8943,46.3747],[6.888,46.3832],[6.8731,46.3954],[6.8664,46.4026]],[[6.1333,46.2046],[6.1223,46.2053],[6.1086,46.2076],[6.0986,46.2108],[6.0934,46.2119],[6.0922,46.213],[6.082,46.211],[6.072,46.2087],[6.0618,46.2075],[6.0508,46.2046],[6.02,46.1835],[6.0017,46.1756],[5.9677,46.1392],[5.9546,46.1282],[5.9448,46.1271],[5.9234,46.1296],[5.9137,46.1282],[5.9055,46.1226],[5.893,46.1059],[5.8862,46.0993],[5.8716,46.0933],[5.8637,46.0972],[5.8569,46.105],[5.846,46.111],[5.8252,46.0953],[5.8242,46.0502],[5.8391,45.9706],[5.8406,45.9329],[5.832,45.8982],[5.7996,45.8319],[5.792,45.8111],[5.7888,45.7969],[5.7754,45.7955],[5.7583,45.7955],[5.7359,45.7925],[5.7205,45.7774],[5.708,45.7571],[5.7087,45.7341],[5.7134,45.7132],[5.7129,45.7001],[5.6941,45.6871],[5.6606,45.6571],[5.6409,45.6458],[5.6199,45.6437],[5.6005,45.6556],[5.5659,45.7014],[5.547,45.7196],[5.4777,45.7641],[5.4502,45.793],[5.433,45.8311],[5.4343,45.832],[5.4375,45.8328],[5.439,45.8337],[5.435,45.8392],[5.4302,45.8443],[5.3849,45.8739],[5.3691,45.88],[5.362,45.8792],[5.3571,45.8759],[5.3471,45.8739],[5.3335,45.868],[5.3188,45.854],[5.2729,45.7998],[5.2573,45.7897],[5.2392,45.7857],[5.2199,45.7888],[5.1911,45.8029],[5.1669,45.809],[5.1338,45.8227],[5.1184,45.8266],[5.1025,45.8262],[5.0674,45.8207],[5.0503,45.8198],[4.9922,45.8266],[4.9756,45.8246],[4.947,45.8156],[4.9169,45.8113],[4.8774,45.7992],[4.8652,45.7924],[4.8615,45.7783],[4.8611,45.7602],[4.856,45.7499],[4.8381,45.7589],[4.831,45.7527],[4.8306,45.7524],[4.8244,45.7447],[4.8437,45.7174],[4.8405,45.6832],[4.8232,45.6481],[4.7998,45.618],[4.8024,45.593],[4.8393,45.5729],[4.87,45.5497],[4.8547,45.515],[4.7864,45.4731],[4.76,45.4444],[4.7554,45.402],[4.7734,45.3566],[4.7759,45.3372],[4.7835,45.3249],[4.799,45.3134],[4.8115,45.2993],[4.8107,45.2791],[4.8169,45.2791],[4.8125,45.2602],[4.8115,45.2287],[4.8141,45.1974],[4.8273,45.1579],[4.8224,45.1328],[4.8228,45.1112],[4.8447,45.101],[4.8411,45.0883],[4.8459,45.0808],[4.8534,45.0745],[4.8584,45.0656],[4.8586,45.0538],[4.8526,45.0333],[4.851,45.0216],[4.8574,45.0023],[4.8859,44.9667],[4.8926,44.9495],[4.8886,44.9322],[4.8686,44.8848],[4.8618,44.8751],[4.8581,44.8711],[4.8359,44.8541],[4.8306,44.8509],[4.8283,44.837],[4.8223,44.8308],[4.8137,44.8269],[4.8032,44.8205],[4.7883,44.8076],[4.7776,44.7954],[4.7713,44.7794],[4.7691,44.7547],[4.773,44.7415],[4.7912,44.7128],[4.7964,44.6964],[4.7895,44.6585],[4.7666,44.6315],[4.74,44.6063],[4.7214,44.5734],[4.7034,44.4747],[4.6996,44.4655],[4.677,44.4372],[4.6721,44.4285],[4.6703,44.4209],[4.6735,44.4151],[4.666,44.3917],[4.6576,44.2757],[4.6598,44.2644],[4.666,44.2582],[4.6752,44.2533],[4.6835,44.2464],[4.6924,44.2171],[4.7041,44.2073],[4.7158,44.1944],[4.7214,44.1687],[4.7175,44.1231],[4.7192,44.1031],[4.7288,44.0856],[4.7356,44.0856],[4.7526,44.0965],[4.7707,44.0882],[4.7873,44.0739],[4.7998,44.0663],[4.851,44.0254],[4.8508,44.0139],[4.8464,44.0075],[4.8384,44.0048],[4.8274,44.0042],[4.8167,44.0008],[4.8186,43.9927],[4.8233,43.9825],[4.8206,43.9732],[4.7707,43.9369],[4.7622,43.9322],[4.7538,43.931],[4.7077,43.9081],[4.6554,43.8889],[4.6467,43.8841],[4.6467,43.8118],[4.6413,43.7893],[4.6115,43.7373],[4.6164,43.7136],[4.6159,43.7091]],[[4.6174,43.71],[4.6159,43.7091]],[[4.6159,43.7091],[4.6028,43.7016],[4.5913,43.7061],[4.5742,43.7094],[4.5125,43.7094],[4.4797,43.6997],[4.4617,43.6772],[4.4478,43.6518],[4.427,43.6337],[4.427,43.6275],[4.4401,43.6225],[4.4546,43.621],[4.4639,43.6175],[4.4612,43.6064],[4.4489,43.596],[4.4194,43.5892],[4.4067,43.5791],[4.4033,43.5716],[4.3881,43.5619],[4.3513,43.5449],[4.3595,43.5374],[4.4011,43.4532]],[[4.6159,43.7091],[4.6103,43.6587],[4.6223,43.648],[4.6421,43.6387],[4.677,43.5943],[4.6946,43.5791]]]},"properties":{"dissolve":"255River","scalerank":6,"featurecla":"River","name":"Rhône","name_alt":null,"rivernum":255,"note":null,"min_zoom":5,"name_en":"Rhône","min_label":6}},
{"type":"Feature","geometry":{"type":"LineString","coordinates":[[-2.0508,51.8421],[-2.0221,51.8346],[-1.9979,51.8206],[-1.9797,51.797],[-1.9712,51.7706],[-1.9695,51.7352],[-1.9516,51.7132],[-1.938,51.6901],[-1.8482,51.6581],[-1.8287,51.6553],[-1.8182,51.6574],[-1.7397,51.66],[-1.7203,51.6654],[-1.7151,51.6696],[-1.71,51.6758],[-1.7033,51.682],[-1.6929,51.6859],[-1.6827,51.6854],[-1.6409,51.6784],[-1.62,51.6817],[-1.562,51.7001],[-1.4837,51.7001],[-1.4728,51.7023],[-1.4512,51.7117],[-1.4394,51.7138],[-1.4285,51.7117],[-1.4168,51.7075],[-1.4043,51.7047],[-1.3913,51.7064],[-1.3752,51.7205],[-1.3615,51.7602],[-1.3435,51.7753],[-1.3255,51.7819],[-1.314,51.7836],[-1.3013,51.7821],[-1.2942,51.7764],[-1.2843,51.7586],[-1.2578,51.7451],[-1.2481,51.7237],[-1.2415,51.7025],[-1.2302,51.6927],[-1.2222,51.6895],[-1.2222,51.6825],[-1.2298,51.6754],[-1.2889,51.6592],[-1.2729,51.6473],[-1.2526,51.6435],[-1.2163,51.645],[-1.2149,51.6497],[-1.2065,51.658],[-1.1971,51.6606],[-1.1903,51.64],[-1.1838,51.6359],[-1.1431,51.6241],[-1.1307,51.6172],[-1.1251,51.6044],[-1.1238,51.5798],[-1.1308,51.5656],[-1.1435,51.5528],[-1.1501,51.5372],[-1.138,51.5146],[-1.1231,51.5032],[-1.1033,51.4946],[-1.0811,51.4891],[-1.0589,51.4873],[-1.0416,51.4822],[-1.0037,51.4593],[-0.9873,51.4532],[-0.9645,51.4547],[-0.9312,51.4699],[-0.9068,51.4765],[-0.887,51.4912],[-0.8804,51.4975],[-0.8733,51.5075],[-0.8741,51.513],[-0.8789,51.5183],[-0.8836,51.5283],[-0.887,51.5482],[-0.8822,51.5511],[-0.8687,51.5462],[-0.8463,51.5425],[-0.7742,51.5568],[-0.7607,51.5555],[-0.7432,51.5621],[-0.719,51.5633],[-0.6968,51.5592],[-0.6856,51.5494],[-0.6888,51.5298],[-0.6995,51.5174],[-0.7012,51.5072],[-0.6788,51.4941],[-0.6617,51.4916],[-0.6202,51.4951],[-0.6036,51.4941],[-0.5905,51.4873],[-0.5791,51.4755],[-0.5729,51.461],[-0.5758,51.4457],[-0.5316,51.4337],[-0.4698,51.3896],[-0.4249,51.3911],[-0.418,51.3944],[-0.4114,51.3984],[-0.4031,51.4022],[-0.3907,51.4047],[-0.385,51.4072],[-0.3797,51.4112],[-0.3738,51.4128],[-0.3496,51.3998],[-0.3492,51.3985],[-0.3344,51.3984],[-0.3237,51.4009],[-0.3155,51.4073],[-0.3082,51.419],[-0.3188,51.428],[-0.3204,51.4361],[-0.3082,51.4457],[-0.3231,51.4647],[-0.3101,51.4727],[-0.271,51.4737],[-0.2596,51.4758],[-0.2471,51.4852],[-0.2365,51.4873],[-0.2261,51.4842],[-0.2099,51.4706],[-0.1983,51.4674],[-0.1793,51.4701],[-0.1567,51.4774],[-0.1355,51.4872],[-0.1022,51.5091],[-0.0848,51.5117],[-0.0672,51.5081],[-0.0488,51.5009],[-0.0377,51.4975],[-0.0066,51.4941],[0.0099,51.5006],[0.0207,51.5024],[0.0483,51.4912],[0.072,51.4925],[0.1287,51.5046],[0.1484,51.5052],[0.1685,51.4995],[0.1884,51.4838],[0.2034,51.4765],[0.2747,51.46],[0.3063,51.4669],[0.3223,51.467],[0.3293,51.4566],[0.3376,51.4488],[0.3564,51.4464],[0.3682,51.4488],[0.3845,51.4532]]},"properties":{"dissolve":"302River","scalerank":6,"featurecla":"River","name":"Thames","name_alt":null,"rivernum":302,"note":"Version 1.2 edit in N. America and Europe","min_zoom":5,"name_en":"Thames","min_label":6}},
{"type":"Feature","geometry":{"type":"LineString","coordinates":[[-2.9451,41.9754],[-2.9263,41.9524],[-2.8713,41.9454],[-2.8375,41.9381],[-2.8249,41.9195],[-2.7908,41.9041],[-2.7755,41.9007],[-2.7519,41.9031],[-2.7357,41.9083],[-2.722,41.9078],[-2.7065,41.8933],[-2.6777,41.8885],[-2.6326,41.8874],[-2.5955,41.8824],[-2.5911,41.866],[-2.572,41.8602],[-2.5274,41.8519],[-2.5079,41.8455],[-2.4986,41.8387],[-2.4854,41.8229],[-2.4805,41.8188],[-2.4678,41.8191],[-2.4542,41.823],[-2.4434,41.8239],[-2.439,41.8151],[-2.4481,41.7779],[-2.4503,41.7535],[-2.4427,41.7425],[-2.4477,41.7333],[-2.4459,41.7154],[-2.4348,41.7026],[-2.4123,41.7089],[-2.3824,41.686],[-2.3775,41.6844],[-2.3758,41.6721],[-2.3705,41.6629],[-2.3621,41.657],[-2.3509,41.6537],[-2.3589,41.642],[-2.3636,41.6371],[-2.3714,41.6326],[-2.3657,41.6313],[-2.3581,41.6276],[-2.3509,41.6264],[-2.3551,41.6101],[-2.3571,41.6053],[-2.3697,41.5994],[-2.4153,41.5876],[-2.4533,41.5822],[-2.4678,41.5729],[-2.4776,41.5579],[-2.4874,41.5377],[-2.5124,41.5074],[-2.5454,41.4935],[-2.5836,41.4911],[-2.6894,41.503],[-2.6997,41.5063],[-2.7115,41.5169],[-2.738,41.5161],[-2.7829,41.5097],[-2.8116,41.5334],[-2.8309,41.5396],[-2.8542,41.527],[-2.8694,41.5161],[-2.8892,41.5063],[-2.9097,41.499],[-2.9263,41.4954],[-2.9696,41.4975],[-2.9918,41.5012],[-3.0013,41.5063],[-3.005,41.5318],[-3.015,41.5396],[-3.0301,41.5369],[-3.0687,41.5244],[-3.0791,41.5224],[-3.0907,41.5234],[-3.0958,41.5274],[-3.0994,41.5344],[-3.1048,41.541],[-3.1226,41.547],[-3.137,41.5611],[-3.1488,41.5643],[-3.1602,41.5655],[-3.1671,41.5687],[-3.1802,41.5779],[-3.23,41.6018],[-3.2447,41.6053],[-3.3089,41.5983],[-3.3303,41.5991],[-3.346,41.6046],[-3.3802,41.6225],[-3.3958,41.6264],[-3.4193,41.6279],[-3.438,41.6319],[-3.4925,41.6536],[-3.5084,41.6573],[-3.5242,41.6554],[-3.5426,41.6463],[-3.5592,41.6558],[-3.5767,41.6623],[-3.5954,41.6661],[-3.6562,41.6673],[-3.6658,41.67],[-3.6771,41.6831],[-3.6866,41.6878],[-3.698,41.6884],[-3.707,41.6859],[-3.7145,41.6827],[-3.7213,41.681],[-3.7473,41.6868],[-3.7818,41.6895],[-3.8011,41.694],[-3.8573,41.7153],[-3.8748,41.7169],[-3.9097,41.7152],[-3.9229,41.713],[-3.9283,41.7073],[-3.9311,41.6996],[-3.9368,41.6912],[-4.0147,41.6304],[-4.0329,41.6264],[-4.1112,41.6326],[-4.1304,41.6431],[-4.1391,41.6463],[-4.1509,41.6485],[-4.1575,41.6481],[-4.1645,41.647],[-4.2558,41.6514],[-4.2659,41.6542],[-4.2801,41.6625],[-4.2899,41.6651],[-4.3023,41.6646],[-4.4272,41.6413],[-4.4854,41.644],[-4.5059,41.6407],[-4.544,41.6238],[-4.672,41.5882],[-4.7082,41.5826],[-4.7308,41.5823],[-4.7935,41.5894],[-4.8201,41.5882],[-4.8342,41.5833],[-4.8591,41.5552],[-4.8887,41.5346],[-4.9255,41.5246],[-5.0482,41.5155],[-5.0733,41.51],[-5.0884,41.5037],[-5.1061,41.4909],[-5.1233,41.4846],[-5.1669,41.4802],[-5.1899,41.4744],[-5.2217,41.4561],[-5.2389,41.4522],[-5.2588,41.4414],[-5.2712,41.4373],[-5.2768,41.4426],[-5.2816,41.453],[-5.2922,41.4619],[-5.3109,41.4733],[-5.3298,41.4931],[-5.3381,41.4998],[-5.3984,41.5314],[-5.4139,41.5422],[-5.4362,41.5333],[-5.488,41.5225],[-5.5394,41.5203],[-5.5523,41.5231],[-5.5579,41.5317],[-5.5625,41.5416],[-5.5735,41.5399],[-5.5989,41.5286],[-5.6121,41.5281],[-5.6473,41.5348],[-5.7413,41.5311],[-5.7839,41.5211],[-5.7852,41.5211],[-5.7895,41.52],[-5.7962,41.5162],[-5.8054,41.5084],[-5.8223,41.4863],[-5.8301,41.4832],[-5.8393,41.4934],[-5.848,41.5084],[-5.8543,41.5166],[-5.8599,41.5191],[-5.8657,41.5172],[-5.8718,41.5115],[-5.8771,41.503],[-5.8858,41.4821],[-5.8912,41.4632],[-5.8971,41.4584],[-6.0115,41.4754],[-6.0181,41.4779],[-6.0264,41.4859],[-6.0344,41.4919],[-6.0371,41.494],[-6.0557,41.5003],[-6.1053,41.5562],[-6.1601,41.5946],[-6.174,41.5963],[-6.1922,41.5863],[-6.2543,41.5177],[-6.2801,41.4972],[-6.2864,41.4871],[-6.2858,41.4792],[-6.2831,41.4725],[-6.2835,41.4659],[-6.3216,41.4198],[-6.3217,41.4112],[-6.353,41.4095],[-6.3669,41.4055],[-6.3797,41.3976],[-6.3768,41.3971],[-6.3761,41.391],[-6.3773,41.3832],[-6.3797,41.3778],[-6.3839,41.3768],[-6.3961,41.3787],[-6.4002,41.3778],[-6.4315,41.3392],[-6.4639,41.3143],[-6.4964,41.2952],[-6.5,41.294]]},"properties":{"dissolve":"304River","scalerank":6,"featurecla":"River","name":"Duero","name_alt":null,"rivernum":304,"note":null,"min_zoom":5,"name_en":"Duero","min_label":6}},
{"type":"Feature","geometry":{"type":"LineString","coordinates":[[8.1792,48.0935],[8.1951,48.076],[8.2121,48.0567],[8.2306,48.0474],[8.2756,48.0498],[8.2915,48.0468],[8.3059,48.0381],[8.314,48.0273],[8.3205,48.0152],[8.3294,48.0024],[8.3361,47.999],[8.3454,47.9981],[8.3638,47.999],[8.372,47.9974],[8.3767,47.9936],[8.381,47.9891],[8.3877,47.9854],[8.4194,47.9796],[8.4355,47.9732],[8.4423,47.9615],[8.4457,47.9449],[8.4553,47.9342],[8.4705,47.9295],[8.49,47.9307],[8.5083,47.9388],[8.5197,47.9478],[8.5309,47.9491],[8.5488,47.9344],[8.5628,47.9265],[8.5972,47.9237],[8.6143,47.9171],[8.6391,47.9274],[8.7644,47.9382],[8.7641,47.9578],[8.7817,47.9715],[8.8447,48.002],[8.8948,48.0406],[8.919,48.0355],[8.927,48.03],[8.9146,48.0201],[8.9146,48.0126],[8.9423,48.0185],[8.9568,48.0233],[8.9631,48.0301],[8.9616,48.0368],[8.9592,48.0399],[8.96,48.0432],[8.9672,48.0505],[8.9744,48.053],[8.9933,48.0547],[8.9972,48.0576],[9.0137,48.078],[9.0501,48.0909],[9.0877,48.0931],[9.1071,48.0816],[9.1145,48.0816],[9.1237,48.0877],[9.1386,48.087],[9.1726,48.0816],[9.1809,48.0827],[9.2026,48.089],[9.2109,48.0882],[9.2145,48.0862],[9.2173,48.0838],[9.2232,48.0816],[9.3467,48.0673],[9.3771,48.0731],[9.4026,48.0873],[9.4627,48.142],[9.5119,48.2051],[9.5186,48.2119],[9.5246,48.2235],[9.5304,48.2321],[9.539,48.2391],[9.5527,48.2454],[9.5681,48.2485],[9.5849,48.2485],[9.6079,48.2454],[9.6313,48.2393],[9.6401,48.2386],[9.6703,48.2399],[9.6838,48.2388],[9.6967,48.2396],[9.7104,48.2454],[9.7437,48.2728],[9.7582,48.2808],[9.7729,48.2846],[9.8196,48.2871],[9.834,48.2919],[9.8552,48.3073],[9.8674,48.3143],[9.9096,48.3267],[9.9158,48.3279],[9.9431,48.3465],[10.0364,48.4333],[10.0462,48.4378],[10.068,48.4429],[10.1758,48.4515],[10.1965,48.456],[10.2344,48.4698],[10.314,48.4803],[10.3701,48.4982],[10.3875,48.5087],[10.3949,48.5232],[10.3997,48.5465],[10.412,48.5615],[10.4296,48.5704],[10.5708,48.6009],[10.6086,48.6159],[10.6562,48.6458],[10.6948,48.6547],[10.7092,48.666],[10.7219,48.6795],[10.7382,48.6911],[10.8056,48.7158],[10.884,48.7331],[11,48.7364]]},"properties":{"dissolve":"38River","scalerank":2,"featurecla":"River","name":"Donau","name_alt":"Danube","rivernum":38,"note":null,"min_zoom":2.1,"name_en":"Danube","min_label":3.1}},
{"type":"Feature","geometry":{"type":"LineString","coordinates":[[6.922,48.0154],[6.8789,48.0117],[6.8567,48.0045],[6.8408,47.993],[6.8296,47.9717],[6.8169,47.9632],[6.7969,47.9586],[6.7739,47.9579],[6.7525,47.9626],[6.7359,47.9711],[6.7234,47.9854],[6.7119,48.004],[6.6945,48.0183],[6.667,48.022],[6.6352,48.0231],[6.6069,48.031],[6.5942,48.0453],[6.5991,48.0618],[6.6074,48.0796],[6.6057,48.089],[6.5951,48.0934],[6.5605,48.1141],[6.5505,48.1225],[6.5442,48.1225],[6.5366,48.1202],[6.5252,48.1214],[6.5148,48.1257],[6.5102,48.1331],[6.5068,48.1466],[6.4985,48.1475],[6.4875,48.1439],[6.4761,48.1436],[6.456,48.1564],[6.4467,48.1745],[6.4451,48.1957],[6.448,48.2181],[6.4275,48.2529],[6.414,48.2734],[6.3976,48.2871],[6.3935,48.2938],[6.393,48.3058],[6.2568,48.4037],[6.2568,48.4099],[6.2647,48.4152],[6.2756,48.4296],[6.2842,48.4378],[6.3015,48.446],[6.3086,48.4515],[6.3115,48.4617],[6.3069,48.4853],[6.2951,48.5044],[6.2631,48.534],[6.2471,48.545],[6.2289,48.5545],[6.2233,48.5592],[6.2219,48.5637],[6.2197,48.5669],[6.2118,48.5682],[6.1975,48.5677],[6.1906,48.5685],[6.1848,48.5716],[6.1708,48.5838],[6.1496,48.5988],[6.126,48.6077],[6.1054,48.6017],[6.0873,48.6103],[6.0668,48.617],[6.0485,48.6263],[6.0371,48.6433],[6.0176,48.6506],[5.9137,48.6467],[5.9104,48.6502],[5.9033,48.6502],[5.8963,48.652],[5.8931,48.661],[5.8942,48.6717],[5.8975,48.6769],[5.9137,48.6849],[5.9216,48.6857],[5.9433,48.6844],[5.9478,48.688],[5.9506,48.6932],[5.9689,48.7047],[5.9899,48.7363],[6.0029,48.7484],[6.02,48.7531],[6.0576,48.7531],[6.0696,48.7501],[6.0785,48.7506],[6.0886,48.7565],[6.1056,48.7642],[6.124,48.7669],[6.1357,48.7722],[6.1333,48.7879],[6.1228,48.7968],[6.1115,48.8004],[6.1074,48.806],[6.1191,48.8214],[6.11,48.8255],[6.1033,48.8275],[6.0977,48.8265],[6.0925,48.8214],[6.0849,48.8342],[6.0796,48.8487],[6.081,48.8616],[6.0925,48.8698],[6.0925,48.8767],[6.072,48.8812],[6.054,48.8968],[6.0449,48.9175],[6.0508,48.9313],[6.0576,48.9374],[6.0496,48.9499],[6.0304,48.9927],[6.0422,49.0008],[6.0471,49.0123],[6.0505,49.0261],[6.0576,49.0411],[6.085,49.0821],[6.1022,49.0961],[6.152,49.1246],[6.1709,49.13],[6.1902,49.1388],[6.2038,49.1583],[6.2056,49.1772],[6.1887,49.1845],[6.1936,49.1993],[6.1957,49.2154],[6.1924,49.2298],[6.1812,49.2391],[6.1887,49.2466],[6.1812,49.2534],[6.1863,49.2584],[6.1896,49.2635],[6.1948,49.2739],[6.1709,49.2873],[6.1679,49.3095],[6.168,49.3344],[6.1533,49.3558],[6.1813,49.3646],[6.1956,49.3712],[6.2017,49.3801],[6.2095,49.3859],[6.2532,49.4042],[6.2632,49.4056],[6.27,49.4092],[6.2808,49.421],[6.2898,49.427],[6.2966,49.4258],[6.3035,49.4231],[6.3115,49.4248],[6.3186,49.4326],[6.322,49.4416],[6.3259,49.449],[6.3357,49.452],[6.346,49.4521],[6.3453,49.4553],[6.3454,49.4627],[6.3423,49.493],[6.3508,49.5349],[6.3508,49.5666],[6.3564,49.5776],[6.3715,49.593],[6.3976,49.6139],[6.4077,49.6274],[6.4152,49.6346],[6.4179,49.6391],[6.417,49.6458],[6.4109,49.6496],[6.4045,49.6525],[6.4027,49.6558],[6.4182,49.6699],[6.4917,49.7008],[6.5102,49.7127],[6.5364,49.713],[6.5632,49.7089],[6.589,49.7083],[6.6126,49.7189],[6.6206,49.7316],[6.6301,49.7615],[6.6371,49.7674],[6.6872,49.78],[6.6951,49.7844],[6.698,49.8024],[6.7023,49.815],[6.7088,49.8226],[6.7221,49.8249],[6.7343,49.822],[6.7468,49.8175],[6.7713,49.8121],[6.7941,49.7984],[6.8042,49.7946],[6.8195,49.7952],[6.8298,49.798],[6.8395,49.7991],[6.8528,49.7946],[6.8445,49.8147],[6.8393,49.8227],[6.8323,49.8288],[6.8466,49.8418],[6.8589,49.8414],[6.8989,49.8199],[6.9003,49.8232],[6.9006,49.8362],[6.8952,49.8569],[6.8943,49.8706],[6.9006,49.8834],[6.9116,49.8897],[6.9218,49.8866],[6.9299,49.877],[6.9353,49.8636],[6.9519,49.8898],[6.9689,49.9075],[6.9931,49.9168],[7.0601,49.9215],[7.0496,49.9339],[6.9961,49.9666],[7.0104,49.978],[7.0253,49.9792],[7.0649,49.9717],[7.0685,49.9691],[7.0729,49.9694],[7.0894,49.9825],[7.0954,49.9851],[7.1005,49.9842],[7.106,49.9796],[7.106,49.9735],[7.1008,49.9613],[7.1096,49.9532],[7.1237,49.9536],[7.1332,49.9666],[7.1288,49.9754],[7.1184,49.9847],[7.1121,49.9952],[7.1196,50.0075],[7.1143,50.0235],[7.1135,50.0413],[7.1184,50.0516],[7.1301,50.0448],[7.1538,50.0225],[7.1684,50.0152],[7.175,50.0243],[7.1687,50.0406],[7.1545,50.0479],[7.1386,50.0528],[7.1271,50.0622],[7.1262,50.0749],[7.1299,50.0873],[7.1286,50.0975],[7.1128,50.1031],[7.1345,50.1031],[7.156,50.0983],[7.1748,50.0908],[7.1879,50.0827],[7.195,50.0865],[7.2022,50.0895],[7.1973,50.0944],[7.1952,50.0978],[7.193,50.1005],[7.1879,50.1031],[7.199,50.1082],[7.2107,50.1102],[7.2363,50.1099],[7.2363,50.1174],[7.2258,50.1256],[7.2268,50.1354],[7.231,50.1446],[7.2295,50.1509],[7.2195,50.1511],[7.1904,50.1402],[7.1782,50.1373],[7.1714,50.1406],[7.1675,50.1478],[7.1672,50.1551],[7.1712,50.1584],[7.2465,50.1721],[7.2761,50.1719],[7.2891,50.1748],[7.3015,50.182],[7.3142,50.1865],[7.3457,50.1836],[7.3598,50.1851],[7.3682,50.1925],[7.3759,50.2042],[7.385,50.2151],[7.3977,50.2198],[7.4216,50.2244],[7.4492,50.2329],[7.4492,50.2403],[7.4418,50.2403],[7.4418,50.2465],[7.4465,50.2509],[7.447,50.2517],[7.4448,50.2533],[7.4418,50.2608],[7.4528,50.2678],[7.4566,50.2809],[7.458,50.296],[7.4628,50.3092],[7.4736,50.317],[7.4872,50.3184],[7.5213,50.3155],[7.53,50.3196],[7.5449,50.329],[7.5562,50.3384],[7.5547,50.3427],[7.5518,50.347],[7.5571,50.3567],[7.5686,50.3707],[7.5786,50.3701],[7.6058,50.364],[7.6064,50.3638]]},"properties":{"dissolve":"534River","scalerank":7,"featurecla":"River","name":"Mosel","name_alt":null,"rivernum":534,"note":"Changed in 2.0","min_zoom":6,"name_en":"Mosel","min_label":7}},
{"type":"Feature","geometry":{"type":"MultiLineString","coordinates":[[[10.978,50.4871],[10.9744,50.4706],[10.9651,50.4573],[10.9533,50.4517],[10.928,50.4408],[10.8949,50.418],[10.8755,50.4116],[10.7988,50.4127],[10.7575,50.4197],[10.6792,50.4476],[10.6651,50.451],[10.6458,50.4526],[10.6457,50.4571],[10.6318,50.483],[10.6138,50.5032],[10.6086,50.5072],[10.5742,50.5189],[10.4502,50.5277],[10.4177,50.5432],[10.3989,50.6035],[10.3677,50.6239],[10.3692,50.6429],[10.352,50.6757],[10.3547,50.6853],[10.3547,50.6928],[10.3481,50.6994],[10.3488,50.7044],[10.3525,50.7088],[10.3547,50.7133],[10.3547,50.7369],[10.3495,50.7488],[10.3368,50.7553],[10.3211,50.7602],[10.3069,50.7673],[10.2998,50.7782],[10.2958,50.7918],[10.2896,50.8033],[10.2758,50.8082],[10.2039,50.8219],[10.1502,50.843],[10.1418,50.8399],[10.133,50.833],[10.1128,50.835],[10.0735,50.8436],[10.0087,50.8397],[9.9789,50.8447],[9.9574,50.8635],[9.9672,50.8628],[9.9756,50.8641],[9.9916,50.8703],[9.9841,50.8771],[9.9972,50.8868],[10.0191,50.9188],[10.0319,50.9317],[10.0517,50.9369],[10.0617,50.9413],[10.0659,50.9498],[10.0698,50.9611],[10.0788,50.9685],[10.1015,50.9802],[10.0966,50.9817],[10.0959,50.9824],[10.096,50.9838],[10.094,50.987],[10.1027,51.0037],[10.1099,51.0113],[10.1213,51.015],[10.1365,51.0003],[10.1672,50.9979],[10.1975,50.9997],[10.2114,50.9976],[10.2144,51.0071],[10.2212,51.012],[10.228,51.0182],[10.2311,51.0317],[10.2289,51.0339],[10.2249,51.0397],[10.2231,51.0457],[10.2278,51.0484],[10.2377,51.0487],[10.2438,51.0502],[10.2477,51.0545],[10.2516,51.0627],[10.2588,51.0602],[10.2619,51.0586],[10.2659,51.0553],[10.2659,51.0596],[10.2669,51.0643],[10.2675,51.0698],[10.2659,51.0764],[10.2807,51.0754],[10.2866,51.0738],[10.2939,51.0689],[10.3018,51.0751],[10.3132,51.0793],[10.3264,51.0817],[10.3403,51.0826],[10.3318,51.0873],[10.3029,51.0955],[10.2898,51.0969],[10.2874,51.0946],[10.2813,51.0905],[10.2749,51.0887],[10.2721,51.0935],[10.2739,51.1001],[10.2788,51.1047],[10.2857,51.1078],[10.2939,51.1099],[10.2847,51.1142],[10.268,51.1149],[10.259,51.1174],[10.2537,51.1218],[10.2412,51.1349],[10.2373,51.1378],[10.2205,51.1351],[10.2078,51.1284],[10.1945,51.1263],[10.1758,51.1378],[10.1834,51.1446],[10.1728,51.1479],[10.165,51.1545],[10.1628,51.163],[10.1697,51.1719],[10.152,51.1904],[10.1226,51.1943],[10.0598,51.1925],[10.0483,51.1968],[10.0287,51.2106],[10.022,51.2136],[10.0065,51.2145],[9.9963,51.2184],[9.9928,51.2266],[9.9978,51.2408],[9.9944,51.2412],[9.9841,51.2408],[9.9841,51.2477],[9.9946,51.247],[10.0019,51.2487],[10.007,51.2532],[10.0114,51.2613],[9.9851,51.2698],[9.9622,51.3076],[9.9431,51.3023],[9.9455,51.3078],[9.9457,51.3107],[9.9463,51.313],[9.95,51.3166],[9.95,51.3228],[9.9341,51.3203],[9.8916,51.3228],[9.8796,51.329],[9.874,51.3411],[9.8678,51.3492],[9.8538,51.3433],[9.843,51.353],[9.8124,51.3655],[9.8059,51.374],[9.8001,51.3854],[9.7857,51.3896],[9.752,51.3911],[9.7366,51.3962],[9.7161,51.4095],[9.6843,51.414],[9.6572,51.4226],[9.6421,51.4252],[9.6365,51.4304],[9.6343,51.4356],[9.636,51.4407],[9.6421,51.4457],[9.6421,51.4532],[9.636,51.4563],[9.6333,51.4592],[9.6318,51.4625],[9.6284,51.4674],[9.6421,51.4674],[9.6421,51.4737],[9.6215,51.4826],[9.611,51.4958],[9.6022,51.51],[9.5868,51.522],[9.6077,51.5247],[9.617,51.5358],[9.6157,51.5511],[9.6043,51.5661],[9.5966,51.5742],[9.5872,51.5892],[9.58,51.5965],[9.5707,51.6019],[9.5391,51.6108],[9.5391,51.617],[9.5451,51.6206],[9.5542,51.6275],[9.5608,51.6363],[9.5596,51.645],[9.5525,51.6454],[9.53,51.6343],[9.5217,51.6313],[9.5073,51.6316],[9.4978,51.6341],[9.4924,51.6413],[9.4907,51.6555],[9.4848,51.6608],[9.4714,51.6581],[9.4577,51.6514],[9.4504,51.645],[9.4324,51.6507],[9.4177,51.645],[9.4036,51.6373],[9.3882,51.6375],[9.3754,51.6485],[9.3745,51.6618],[9.3823,51.673],[9.3952,51.6784],[9.3913,51.69],[9.3903,51.7076],[9.3918,51.7244],[9.3952,51.7337],[9.3826,51.7452],[9.3776,51.7614],[9.3823,51.7758],[9.4116,51.7871],[9.4204,51.7978],[9.4191,51.8076],[9.402,51.81],[9.402,51.8162],[9.4107,51.8211],[9.4333,51.8259],[9.4429,51.8299],[9.4451,51.8457],[9.4578,51.8663],[9.4605,51.8843],[9.4184,51.8951],[9.4094,51.9019],[9.4084,51.9087],[9.419,51.9118],[9.4701,51.9056],[9.4687,51.9134],[9.4658,51.9187],[9.4616,51.9224],[9.4566,51.9255],[9.4665,51.9295],[9.4973,51.9306],[9.5119,51.9329],[9.5058,51.9535],[9.5151,51.9829],[9.5081,51.9981],[9.4995,52]],[[9.4921,52],[9.4599,51.9905],[9.4429,51.9944],[9.4392,52]]]},"properties":{"dissolve":"563River","scalerank":7,"featurecla":"River","name":"Weser","name_alt":null,"rivernum":563,"note":null,"min_zoom":6,"name_en":"Weser","min_label":7}},
{"type":"Feature","geometry":{"type":"LineString","coordinates":[[10.6904,45.4505],[10.6987,45.4351],[10.7022,45.4227],[10.7041,45.402],[10.7019,45.3823],[10.705,45.3737],[10.7178,45.3673],[10.7178,45.3611],[10.7068,45.3536],[10.7062,45.3294],[10.6973,45.3201],[10.6973,45.3127],[10.7141,45.304],[10.7153,45.2934],[10.7074,45.2822],[10.6799,45.2542],[10.6773,45.2471],[10.6768,45.2342],[10.679,45.2176],[10.6882,45.1866],[10.6904,45.1724],[10.6999,45.1695],[10.7793,45.1685],[10.7903,45.1656],[10.8134,45.1488],[10.8412,45.1345],[10.863,45.1176],[10.8649,45.1147],[10.895,45.1119],[10.9272,45.1037],[10.9563,45.0907],[10.9762,45.0745],[10.978,45.0731]]},"properties":{"dissolve":"597River","scalerank":7,"featurecla":"River","name":"Mincio","name_alt":null,"rivernum":597,"note":null,"min_zoom":6,"name_en":"Mincio","min_label":7}},
{"type":"Feature","geometry":{"type":"MultiLineString","coordinates":[[[2.7549,45.5939],[2.731,45.5952],[2.6961,45.6105],[2.6399,45.6176],[2.6189,45.618],[2.5973,45.6143],[2.5888,45.6102],[2.5527,45.5858],[2.5346,45.5743],[2.5315,45.5733],[2.5234,45.5638],[2.5208,45.5188],[2.5154,45.5045],[2.5208,45.4859],[2.5153,45.4637],[2.5064,45.4406],[2.5017,45.4191],[2.496,45.4055],[2.4812,45.397],[2.4612,45.3936],[2.4397,45.3952],[2.4201,45.4018],[2.3837,45.419],[2.3611,45.4226],[2.3527,45.4197],[2.352,45.413],[2.356,45.4051],[2.3684,45.3901],[2.3703,45.3837],[2.3684,45.3769],[2.3604,45.3592],[2.3442,45.3406],[2.3399,45.3384],[2.3201,45.3237],[2.3198,45.3201],[2.3123,45.3158],[2.3052,45.2965],[2.299,45.2922],[2.2869,45.2909],[2.2775,45.2875],[2.2615,45.2791],[2.2573,45.2789],[2.2551,45.2811],[2.2526,45.2824],[2.2478,45.2791],[2.2455,45.2758],[2.2427,45.2684],[2.2309,45.2489],[2.2246,45.241],[2.2168,45.2376],[2.1448,45.2307],[2.138,45.232],[2.1262,45.2366],[2.121,45.2376],[2.1142,45.2354],[2.1082,45.2307],[2.1043,45.226],[2.1039,45.2239],[2.0917,45.2254],[2.0691,45.2309],[2.0561,45.2307],[2.0383,45.2213],[2.0261,45.203],[2.0077,45.1618],[1.9924,45.1437],[1.9325,45.1079],[1.9113,45.0843],[1.9128,45.0873],[1.9004,45.0766],[1.9006,45.0712],[1.9128,45.0656],[1.9128,45.0594],[1.9013,45.0572],[1.8574,45.0563],[1.8359,45.0391],[1.8293,45.0274],[1.8432,45.0184],[1.8305,45.0069],[1.8318,44.9951],[1.8389,44.982],[1.8432,44.9669],[1.8395,44.9515],[1.8306,44.9371],[1.8195,44.9246],[1.809,44.9154]],[[1.809,44.9086],[1.7713,44.9112],[1.7236,44.9154],[1.718,44.9187],[1.7012,44.9332],[1.6961,44.9365],[1.6733,44.9348],[1.6614,44.9324],[1.6514,44.9291],[1.635,44.9175],[1.6028,44.8874],[1.5862,44.8813],[1.5773,44.8825],[1.5751,44.8837],[1.5657,44.8714],[1.5593,44.8655],[1.5513,44.8606],[1.5427,44.857],[1.5347,44.8546],[1.5202,44.8531],[1.5017,44.855],[1.4861,44.8626],[1.4794,44.8782],[1.47,44.887],[1.4478,44.8878],[1.4043,44.8813],[1.345,44.8582],[1.3176,44.8524],[1.302,44.8426],[1.292,44.8403],[1.2807,44.8415],[1.2603,44.8464],[1.2542,44.8472],[1.2499,44.8447],[1.2459,44.8395],[1.2426,44.833],[1.2405,44.8267],[1.2222,44.8309],[1.1918,44.8128],[1.1716,44.8205],[1.179,44.8267],[1.1755,44.8281],[1.1731,44.8277],[1.1719,44.8285],[1.1716,44.8335],[1.1653,44.8335],[1.1609,44.8271],[1.1538,44.8212],[1.1471,44.8207],[1.1443,44.8301],[1.1388,44.8341],[1.1264,44.8321],[1.1126,44.8282],[1.1033,44.8267],[1.0439,44.8582],[1.0276,44.8614],[1.0195,44.8554],[1.0125,44.8373],[1.0037,44.8335],[0.97,44.8323],[0.9592,44.8335],[0.9419,44.8419],[0.926,44.8539],[0.9097,44.861],[0.8904,44.8546],[0.8775,44.8636],[0.8721,44.87],[0.87,44.8782],[0.865,44.8861],[0.855,44.8782],[0.8473,44.8663],[0.8494,44.8614],[0.8298,44.8641],[0.8051,44.8874],[0.7886,44.8813],[0.7907,44.8525],[0.7519,44.8434],[0.3703,44.8614],[0.36,44.8601],[0.342,44.8555],[0.3327,44.8546],[0.3222,44.8566],[0.3154,44.8612],[0.3102,44.8657],[0.3049,44.8676],[0.2512,44.8792],[0.2331,44.8813],[0.2399,44.8676],[0.2238,44.8576],[0.1931,44.8319],[0.1745,44.8267],[0.0311,44.8403],[0.028,44.8434],[0.0105,44.8563],[0.0065,44.858],[0.0007,44.863],[-0.0127,44.8614],[-0.0345,44.8546],[-0.0977,44.8455],[-0.1321,44.8262],[-0.1495,44.829],[-0.1778,44.8472],[-0.1881,44.8509],[-0.1968,44.8521],[-0.2044,44.8544],[-0.212,44.8614],[-0.2169,44.8702],[-0.2164,44.8757],[-0.2136,44.8815],[-0.212,44.8915],[-0.2164,44.8997],[-0.2259,44.9022],[-0.2355,44.9009],[-0.24,44.898],[-0.2444,44.8898],[-0.2535,44.8984],[-0.261,44.9112],[-0.2603,44.9154],[-0.2812,44.9235],[-0.2903,44.9173],[-0.2982,44.9083],[-0.3157,44.9086],[-0.3293,44.9365],[-0.3377,44.9417],[-0.3482,44.9459],[-0.3586,44.9486],[-0.3665,44.9495],[-0.449,44.9495],[-0.4605,44.9562],[-0.4797,44.9876],[-0.4937,44.998]]]},"properties":{"dissolve":"643River","scalerank":8,"featurecla":"River","name":"Dordogne","name_alt":null,"rivernum":643,"note":null,"min_zoom":7,"name_en":"Dordogne","min_label":8}},
{"type":"Feature","geometry":{"type":"LineString","coordinates":[[8.404,46.496],[8.4273,46.4891],[8.4524,46.4887],[8.4802,46.4976],[8.5144,46.5118],[8.5273,46.5228],[8.5696,46.5351],[8.614,46.543],[8.676,46.5417],[8.7097,46.5354],[8.7344,46.524],[8.7568,46.5106],[8.8063,46.4918],[8.8298,46.476],[8.8794,46.4253],[8.9341,46.3912],[8.9626,46.3653],[8.9849,46.336],[9.0254,46.2663],[9.0431,46.25],[9.0481,46.2407],[9.0412,46.2309],[9.0322,46.2231],[9.0186,46.205],[9.0108,46.1984],[8.9841,46.1892],[8.8432,46.1717]]},"properties":{"dissolve":"669River","scalerank":8,"featurecla":"River","name":"Ticino","name_alt":null,"rivernum":669,"note":null,"min_zoom":7,"name_en":"Ticino","min_label":8}},
{"type":"Feature","geometry":{"type":"LineString","coordinates":[[9.746,46.4032],[9.7444,46.4247],[9.7555,46.4383],[9.783,46.455],[9.7991,46.4641],[9.8056,46.4754],[9.8158,46.4828],[9.8271,46.4887],[9.8367,46.4954],[9.8709,46.5363],[9.9048,46.566],[10.0105,46.6384],[10.0869,46.6977],[10.0956,46.7062],[10.0972,46.7166],[10.0884,46.7371],[10.0898,46.7476],[10.0969,46.7589],[10.1052,46.7682],[10.1157,46.7751],[10.1299,46.7792],[10.19,46.7813],[10.2992,46.8068],[10.3918,46.841],[10.4289,46.8621],[10.4607,46.8898],[10.5143,46.96],[10.6536,47.0618],[10.6592,47.0695],[10.6607,47.0791],[10.6577,47.0894],[10.6471,47.1079],[10.6388,47.1165],[10.6275,47.1227],[10.6032,47.13],[10.5867,47.1316],[10.5788,47.1336],[10.5723,47.1385],[10.5701,47.1584],[10.5884,47.1743],[10.7031,47.2194],[10.8052,47.2294],[10.8298,47.2366],[10.8432,47.2443],[10.8639,47.2625],[10.8762,47.2689],[11,47.3036]]},"properties":{"dissolve":"718River","scalerank":8,"featurecla":"River","name":"Inn","name_alt":null,"rivernum":718,"note":null,"min_zoom":7,"name_en":"Inn","min_label":8}},
{"type":"Feature","geometry":{"type":"LineString","coordinates":[[11,50.1272],[10.9785,50.1215],[10.9631,50.1133],[10.9567,50.0997],[10.9535,50.0852],[10.9368,50.0466],[10.9092,50.003],[10.8942,49.9867],[10.8789,49.9796],[10.8591,49.9755],[10.8611,49.9646],[10.8694,49.9492],[10.8679,49.9312],[10.8545,49.9215],[10.8359,49.9203],[10.7729,49.9269],[10.7598,49.9326],[10.7382,49.9523],[10.7249,49.9602],[10.6181,49.9933],[10.5817,49.9964],[10.5492,50.0052],[10.4912,50.0342],[10.4692,50.0209],[10.4392,50.0144],[10.3745,50.0144],[10.3472,50.019],[10.3268,50.0274],[10.2939,50.0494],[10.2796,50.0548],[10.2521,50.0537],[10.228,50.041],[10.1799,49.9987],[10.1752,49.9925],[10.1745,49.9853],[10.1758,49.9735],[10.1826,49.9462],[10.1828,49.9342],[10.1758,49.925],[10.1758,49.9182],[10.19,49.9061],[10.1834,49.8966],[10.1697,49.8885],[10.1623,49.8803],[10.1697,49.8701],[10.2055,49.8683],[10.2175,49.8567],[10.1846,49.8593],[10.1707,49.8563],[10.1728,49.8459],[10.2053,49.8229],[10.2114,49.8151],[10.2127,49.8034],[10.2083,49.7973],[10.1973,49.795],[10.1796,49.7946],[10.1635,49.7926],[10.157,49.7862],[10.1492,49.7599],[10.1614,49.7434],[10.1516,49.7236],[10.1213,49.6917],[10.1492,49.678],[10.1171,49.6669],[10.0822,49.6669],[10.0507,49.6751],[10.0288,49.6885],[10.0241,49.6955],[10.02,49.7089],[10.0148,49.7158],[10.0081,49.7193],[10.0004,49.7213],[9.9942,49.7239],[9.9851,49.7457],[9.9709,49.7569],[9.9566,49.7647],[9.95,49.7708],[9.9445,49.7786],[9.9089,49.8015],[9.9011,49.8041],[9.8874,49.806],[9.8818,49.8083],[9.8754,49.8133],[9.8731,49.817],[9.8715,49.8214],[9.8674,49.8288],[9.8476,49.8567],[9.8425,49.8779],[9.8401,49.8834],[9.8142,49.9068],[9.8064,49.9193],[9.8122,49.9312],[9.8037,49.937],[9.7719,49.9486],[9.7582,49.9864],[9.7417,49.9981],[9.7228,50.0047],[9.7128,50.0142],[9.7236,50.0341],[9.706,50.0382],[9.6999,50.0383],[9.6873,50.0356],[9.6828,50.0354],[9.6646,50.0392],[9.6582,50.0394],[9.6521,50.0386],[9.6403,50.0349],[9.6347,50.0325],[9.6165,50.0207],[9.6095,50.0179],[9.5913,50.0133],[9.5856,50.0106],[9.5798,50.0061],[9.5767,50.0008],[9.5713,49.9884],[9.5629,49.9739],[9.5606,49.9685],[9.559,49.9604],[9.5595,49.9539],[9.5625,49.9482],[9.5725,49.9374],[9.6011,49.882],[9.603,49.872],[9.6004,49.8627],[9.5911,49.8433],[9.5837,49.8317],[9.5808,49.8254],[9.5803,49.8167],[9.5849,49.8121],[9.6013,49.8076],[9.6106,49.8024],[9.6095,49.7973],[9.6021,49.7925],[9.569,49.7801],[9.5568,49.7779],[9.5447,49.7786],[9.4909,49.7951],[9.4723,49.7954],[9.4367,49.7919],[9.4004,49.7834],[9.3517,49.7856],[9.3396,49.783],[9.3281,49.7782],[9.3176,49.7712],[9.2936,49.7469],[9.2759,49.7366],[9.2691,49.731],[9.2644,49.7213],[9.263,49.7167],[9.261,49.7125],[9.2581,49.7091],[9.2538,49.7064],[9.251,49.7054],[9.2478,49.7049],[9.2454,49.7057],[9.2443,49.709],[9.2383,49.7187],[9.2244,49.7244],[9.2085,49.7282],[9.1965,49.7326],[9.1851,49.7426],[9.1814,49.7524],[9.1829,49.7776],[9.1769,49.7899],[9.1637,49.7988],[9.1489,49.8055],[9.1387,49.8117],[9.1377,49.8221],[9.1554,49.8636],[9.1569,49.8856],[9.1493,49.9092],[9.1328,49.9304],[9.1071,49.9449],[9.1071,49.9523],[9.1174,49.9538],[9.1257,49.9579],[9.1333,49.9645],[9.1419,49.9735],[9.1274,49.9789],[9.1106,49.9805],[9.0764,49.9796],[9.0684,49.9845],[9.032,50.0212],[9.0266,50.043],[9.0258,50.0448],[9.0213,50.0482],[9.0115,50.0494],[9.0017,50.0482],[8.9972,50.0448],[8.9922,50.0456],[8.9833,50.0498],[8.9799,50.0591],[8.991,50.0752],[8.975,50.0821],[8.9473,50.0895],[8.9357,50.0963],[8.9146,50.1181],[8.9046,50.1253],[8.888,50.1304],[8.8013,50.1387],[8.783,50.1381],[8.7725,50.1321],[8.7781,50.1174],[8.7609,50.1121],[8.6996,50.107],[8.6426,50.0961],[8.5488,50.0963],[8.5336,50.0921],[8.5234,50.0821],[8.5078,50.0584],[8.4668,50.0274],[8.445,50.02],[8.4212,50.006],[8.3952,49.9977],[8.3672,50.0075],[8.3488,50.0013],[8.3053,50.0005],[8.2915,49.9933]]},"properties":{"dissolve":"721River","scalerank":8,"featurecla":"River","name":"Main","name_alt":null,"rivernum":721,"note":null,"min_zoom":7,"name_en":"Main","min_label":8}},
{"type":"Feature","geometry":{"type":"LineString","coordinates":[[8.7729,51.8802],[8.6887,51.8572],[8.6379,51.8367],[8.5767,51.8367],[8.5671,51.8356],[8.5495,51.831],[8.542,51.8299],[8.539,51.8268],[8.5335,51.8132],[8.5286,51.81],[8.5115,51.8078],[8.4851,51.798],[8.4426,51.7946],[8.4355,51.7957],[8.4303,51.8001],[8.4257,51.8125],[8.4219,51.8162],[8.4062,51.8196],[8.3604,51.8237],[8.33,51.8353],[8.3052,51.8531],[8.2976,51.8732],[8.3195,51.892],[8.3195,51.8981],[8.312,51.8981],[8.3117,51.9036],[8.3139,51.9046],[8.3169,51.9044],[8.3195,51.9056],[8.2783,51.9271],[8.1475,51.9739],[8.1283,51.9671],[8.0041,51.9534],[7.9946,51.9561],[7.9731,51.9652],[7.8574,51.9728],[7.8084,51.9833],[7.7744,52]]},"properties":{"dissolve":"722River","scalerank":8,"featurecla":"River","name":"Ems","name_alt":null,"rivernum":722,"note":null,"min_zoom":7,"name_en":"Ems","min_label":8}},
{"type":"Feature","geometry":{"type":"LineString","coordinates":[[3.9678,47.0401],[3.9404,47.0878],[3.9368,47.1046],[3.9356,47.1188],[3.9296,47.1295],[3.9126,47.1356],[3.8783,47.1697],[3.8613,47.1688],[3.8486,47.1724],[3.8237,47.184],[3.8097,47.1872],[3.7759,47.184],[3.7456,47.1886],[3.7161,47.201],[3.6882,47.2196],[3.6626,47.2421],[3.6501,47.2576],[3.6503,47.2652],[3.6558,47.2717],[3.6592,47.283],[3.6606,47.2903],[3.6635,47.2943],[3.6659,47.2986],[3.666,47.307],[3.6636,47.31],[3.6586,47.3128],[3.654,47.317],[3.6497,47.3338],[3.6445,47.334],[3.6382,47.3321],[3.6326,47.3349],[3.6296,47.342],[3.6252,47.3585],[3.6108,47.3807],[3.6087,47.3918],[3.6121,47.4237],[3.5977,47.4182],[3.5803,47.4205],[3.5635,47.4278],[3.5501,47.4373],[3.553,47.4476],[3.5503,47.4542],[3.5441,47.4558],[3.5364,47.451],[3.5183,47.4733],[3.5192,47.4963],[3.532,47.5156],[3.5501,47.5267],[3.5651,47.5292],[3.5908,47.5265],[3.6047,47.5267],[3.6032,47.5283],[3.6079,47.5328],[3.6183,47.5403],[3.617,47.5372],[3.6238,47.5351],[3.6382,47.5335],[3.6349,47.5428],[3.6359,47.5495],[3.6415,47.5533],[3.6519,47.554],[3.6459,47.5791],[3.6457,47.5847],[3.6493,47.5958],[3.6585,47.5955],[3.6697,47.5926],[3.6799,47.5955],[3.685,47.6043],[3.6843,47.6119],[3.6814,47.6187],[3.6799,47.6257],[3.6811,47.6817],[3.6774,47.6871],[3.666,47.6973],[3.6562,47.7019],[3.645,47.7038],[3.6362,47.7086],[3.6326,47.7215],[3.5994,47.7376],[3.5911,47.7464],[3.5913,47.7557],[3.5971,47.7642],[3.6121,47.7799],[3.5942,47.7909],[3.5852,47.798],[3.5774,47.8072],[3.5786,47.8113],[3.5761,47.8394],[3.574,47.8451],[3.5359,47.9032],[3.5364,47.9205],[3.5139,47.9544],[3.4623,47.9721],[3.3692,47.9876],[3.3693,47.9886],[3.3545,47.9945],[3.303,48.0126],[3.303,48.0201],[3.322,48.0286],[3.3189,48.0406],[3.2962,48.0611],[3.289,48.0703],[3.2871,48.074],[3.2887,48.0921],[3.2864,48.1004],[3.281,48.1075],[3.2743,48.1127],[3.2688,48.1157],[3.2781,48.1253],[3.3045,48.1434],[3.3098,48.1533],[3.3029,48.1606],[3.2621,48.1846],[3.2749,48.2088],[3.2636,48.2305],[3.2446,48.2506],[3.2306,48.2772],[3.1948,48.3214],[3.184,48.3286],[3.1076,48.3485],[3.1069,48.3504],[3.0954,48.3596],[3.0901,48.3627],[3.0824,48.3638],[3.0664,48.3625],[3.0597,48.3658],[3.0359,48.3727],[3.002,48.3732],[2.9722,48.3778],[2.9614,48.3962],[2.9609,48.3968]]},"properties":{"dissolve":"777River","scalerank":8,"featurecla":"River","name":"Yonne","name_alt":null,"rivernum":777,"note":null,"min_zoom":7,"name_en":"Yonne","min_label":8}},
{"type":"Feature","geometry":{"type":"LineString","coordinates":[[3.2637,49.9905],[3.2297,50.0079],[3.208,50.0248],[3.2029,50.0457],[3.2192,50.0747],[3.2292,50.0833],[3.2389,50.0895],[3.2444,50.0965],[3.2414,50.1072],[3.2346,50.1098],[3.1974,50.118],[3.1813,50.1312],[3.1914,50.1524],[3.2121,50.1732],[3.2749,50.2228],[3.2878,50.2371],[3.3195,50.2792],[3.3368,50.2947],[3.3571,50.3065],[3.3818,50.3157],[3.406,50.3195],[3.4492,50.3155],[3.4712,50.317],[3.4916,50.3275],[3.506,50.3455],[3.5314,50.3858],[3.5817,50.4317],[3.5868,50.4389],[3.5835,50.4446],[3.5725,50.4531],[3.5574,50.4616],[3.4526,50.5009],[3.4382,50.5091],[3.4303,50.5213],[3.4294,50.5358],[3.4358,50.5664],[3.4347,50.5797],[3.4265,50.5873],[3.4036,50.5991],[3.383,50.6175],[3.3671,50.6365],[3.3561,50.6581],[3.3503,50.6842],[3.3674,50.7174],[3.4128,50.7474],[3.5929,50.8322],[3.606,50.8424],[3.6369,50.878],[3.6465,50.8843],[3.6672,50.893],[3.6772,50.8996],[3.6834,50.9107],[3.676,50.9173],[3.6637,50.9234],[3.656,50.9331],[3.6553,50.9474],[3.6606,50.9514],[3.6701,50.9519],[3.6821,50.9561],[3.7077,50.9742],[3.728,50.9942],[3.7438,51.0174],[3.7553,51.0456],[3.7795,51.0425],[3.7932,51.0337],[3.8049,51.0216],[3.8229,51.0087],[3.8364,51.0035],[3.8472,51.0029],[3.8731,51.0087],[3.9897,51.015],[4.0108,51.0131],[4.0209,51.0135],[4.0326,51.0183],[4.0417,51.0265],[4.0549,51.0453],[4.0664,51.0521],[4.0794,51.0538],[4.0894,51.0511],[4.0989,51.0465],[4.1104,51.0432],[4.1221,51.0447],[4.1419,51.0569],[4.153,51.0595],[4.1621,51.055],[4.1703,51.0465],[4.1795,51.0408],[4.1914,51.0446],[4.1963,51.0545],[4.1933,51.0661],[4.1875,51.0774],[4.1846,51.0867],[4.1834,51.0956],[4.1821,51.0999],[4.1853,51.1043],[4.1979,51.1136],[4.2158,51.1215],[4.2356,51.124],[4.2761,51.124],[4.3159,51.1321],[4.3285,51.1478],[4.333,51.1697],[4.3486,51.1966],[4.3918,51.2249],[4.3953,51.2344],[4.3084,51.2686]]},"properties":{"dissolve":"821River","scalerank":8,"featurecla":"River","name":"Schelde","name_alt":"Steldt","rivernum":821,"note":null,"min_zoom":7,"name_en":"Schelde","min_label":8}},
{"type":"Feature","geometry":{"type":"MultiLineString","coordinates":[[[10.7109,46.8272],[10.6897,46.8302],[10.667,46.8391],[10.6449,46.8448],[10.6249,46.8377],[10.6066,46.8282],[10.5608,46.8209],[10.5391,46.8135],[10.5297,46.7685],[10.53,46.7122],[10.5366,46.7033],[10.5784,46.6673],[10.6152,46.6509],[10.6809,46.6354],[10.7136,46.6325],[10.7783,46.6339],[10.8452,46.6282],[10.9094,46.6314],[10.9312,46.6356],[10.9513,46.6424],[10.9677,46.6527],[10.9784,46.6566],[11,46.6503]],[[11,45.8727],[10.9949,45.859],[11,45.8431]],[[11,45.766],[10.99,45.7582],[10.9505,45.7372],[10.9169,45.7083],[10.8884,45.6764],[10.8959,45.669],[10.8481,45.6081],[10.8406,45.5957],[10.8357,45.5897],[10.8307,45.587],[10.8215,45.5843],[10.8208,45.5777],[10.8227,45.5687],[10.8208,45.5591],[10.8027,45.5299],[10.8024,45.5153],[10.8134,45.4982],[10.8269,45.4911],[10.8633,45.4838],[10.8755,45.4771],[10.8881,45.4796],[10.9336,45.4818],[10.9436,45.4806],[10.9516,45.4707],[10.9697,45.4591],[11,45.4456]],[[11,45.4333],[10.9983,45.43],[11,45.43]]]},"properties":{"dissolve":"863River","scalerank":8,"featurecla":"River","name":"Adige","name_alt":null,"rivernum":863,"note":null,"min_zoom":7,"name_en":"Adige","min_label":8}},
{"type":"Feature","geometry":{"type":"LineString","coordinates":[[6.1502,46.6476],[6.1433,46.6682],[6.1463,46.6861],[6.1633,46.7001],[6.1858,46.7109],[6.2228,46.7332],[6.2583,46.7477],[6.2859,46.763],[6.288,46.7769],[6.2861,46.794],[6.2973,46.8005],[6.3388,46.8346],[6.34,46.8519],[6.3499,46.8619],[6.3628,46.8686],[6.373,46.8756],[6.3567,46.9131],[6.353,46.9335],[6.3593,46.95],[6.3669,46.9461],[6.375,46.9446],[6.3836,46.9455],[6.3925,46.9484],[6.4241,46.9687],[6.4841,47.0223],[6.5064,47.0332],[6.5542,47.0332],[6.5663,47.0357],[6.6017,47.0528],[6.6055,47.053],[6.6157,47.0517],[6.6208,47.0521],[6.6271,47.0546],[6.6391,47.062],[6.6459,47.0639],[6.6447,47.0677],[6.6489,47.0769],[6.6587,47.0915],[6.6668,47.0961],[6.6765,47.0992],[6.6958,47.1017],[6.7311,47.0991],[6.7455,47.1043],[6.7442,47.1213],[6.7742,47.1284],[6.8398,47.1697],[6.8588,47.1912],[6.8879,47.2115],[6.9558,47.2455],[6.9517,47.2703],[6.958,47.2908],[6.9768,47.304],[7.0098,47.307],[7.0187,47.3096],[7.0291,47.3173],[7.0378,47.3206],[7.0427,47.3199],[7.0486,47.317],[7.0558,47.3144],[7.0651,47.3144],[7.1332,47.3349],[7.1567,47.3475],[7.1684,47.3585],[7.1675,47.369],[7.1026,47.3615],[7.0838,47.3563],[7.0752,47.3553],[7.0476,47.3553],[6.9863,47.3479],[6.9179,47.3479],[6.8989,47.3454],[6.8683,47.3354],[6.8595,47.3349],[6.8494,47.3292],[6.8329,47.3267],[6.7981,47.3281],[6.7786,47.3323],[6.7665,47.3383],[6.7598,47.3461],[6.7565,47.3553],[6.7568,47.3631],[6.7607,47.3736],[6.7678,47.3852],[6.7776,47.3963],[6.7732,47.4068],[6.7785,47.4152],[6.7866,47.4254],[6.7956,47.4559],[6.8074,47.4555],[6.8223,47.4512],[6.8359,47.4544],[6.844,47.4667],[6.842,47.4777],[6.8324,47.4864],[6.8186,47.4919],[6.8042,47.4922],[6.7919,47.4878],[6.7808,47.482],[6.7702,47.4782],[6.7228,47.4782],[6.7156,47.4748],[6.7092,47.4695],[6.6945,47.4639],[6.6479,47.454],[6.6257,47.439],[6.6126,47.4373],[6.605,47.4429],[6.5974,47.4533],[6.5896,47.4615],[6.582,47.4612],[6.5647,47.4448],[6.5553,47.4468],[6.5461,47.4455],[6.5376,47.442],[6.5305,47.4373],[6.5468,47.4322],[6.5549,47.4306],[6.5647,47.4305],[6.5647,47.4237],[6.5478,47.4219],[6.531,47.4183],[6.5156,47.4121],[6.5027,47.4025],[6.5046,47.3984],[6.5081,47.3874],[6.5102,47.3832],[6.4902,47.3785],[6.4382,47.3758],[6.4245,47.3724],[6.416,47.3663],[6.4062,47.363],[6.3838,47.3615],[6.3788,47.3592],[6.3518,47.3417],[6.3372,47.3436],[6.3118,47.3391],[6.2879,47.3316],[6.2774,47.3243],[6.2659,47.3145],[6.2109,47.2965],[6.1426,47.2897],[6.1199,47.2838],[6.0986,47.2734],[6.0932,47.2727],[6.0866,47.2736],[6.0811,47.2736],[6.0788,47.2697],[6.0785,47.2604],[6.0771,47.256],[6.0679,47.2486],[6.0553,47.241],[6.0439,47.2407],[6.0166,47.2455],[6.0213,47.2409],[6.0264,47.2348],[6.0304,47.2319],[5.9478,47.1971],[5.9582,47.1975],[5.9614,47.1971],[5.9614,47.1909],[5.9301,47.1796],[5.9165,47.1798],[5.8993,47.1909],[5.8931,47.184],[5.9067,47.1766],[5.9067,47.1697],[5.8984,47.1646],[5.8958,47.1593],[5.8947,47.1533],[5.8897,47.1458],[5.8821,47.1423],[5.8638,47.1423],[5.8447,47.1341],[5.8483,47.1617],[5.8423,47.1697],[5.7935,47.1718],[5.7771,47.1697],[5.7312,47.1488],[5.7219,47.1424],[5.7156,47.1424],[5.7072,47.1509],[5.6885,47.1527],[5.6166,47.1434],[5.5854,47.1356],[5.5707,47.1267],[5.5496,47.1041],[5.5369,47.0947],[5.5209,47.0926],[5.5,47.0922],[5.4855,47.088],[5.4892,47.0742],[5.4812,47.0679],[5.4592,47.0559],[5.4509,47.0537],[5.4526,47.0525],[5.4529,47.0491],[5.4519,47.0444],[5.4499,47.0386],[5.4468,47.0327],[5.4431,47.027],[5.4387,47.0223],[5.4338,47.0189],[5.4413,47.0128],[5.4164,47.0128],[5.3906,47.0079],[5.3762,46.9932],[5.386,46.9643],[5.3759,46.9574],[5.3693,46.9331],[5.3582,46.9234],[5.3484,46.9294],[5.3379,46.9314],[5.3276,46.9294],[5.3178,46.9234],[5.2961,46.935],[5.2634,46.9378],[5.2305,46.9317],[5.2085,46.9165],[5.2065,46.9248],[5.2023,46.9301],[5.1963,46.9339],[5.188,46.937],[5.173,46.9315],[5.1677,46.9308],[5.1633,46.9331],[5.1582,46.9376],[5.1543,46.942],[5.154,46.9439],[5.1313,46.9432],[5.1157,46.9373],[5.0763,46.9054],[5.0625,46.9008],[5.0478,46.9007],[5.0134,46.9043],[4.9934,46.9041],[4.9728,46.8998],[4.9546,46.8892],[4.9675,46.8738],[4.9643,46.8531],[4.9511,46.8334]]},"properties":{"dissolve":"869River","scalerank":8,"featurecla":"River","name":"Doubs","name_alt":null,"rivernum":869,"note":null,"min_zoom":7,"name_en":"Doubs","min_label":8}},
{"type":"Feature","geometry":{"type":"LineString","coordinates":[[-2.1662,52],[-2.155,51.9918],[-2.1533,51.9903],[-2.2202,51.9295],[-2.2527,51.9104],[-2.261,51.9019],[-2.2547,51.8859],[-2.2542,51.8805],[-2.2579,51.8739],[-2.2636,51.8676],[-2.291,51.845],[-2.2994,51.8436],[-2.3084,51.8458],[-2.3257,51.8455],[-2.3384,51.8409],[-2.3442,51.8336],[-2.3477,51.8242],[-2.353,51.8138],[-2.3624,51.8045],[-2.3841,51.7885],[-2.3913,51.7778]]},"properties":{"dissolve":"870River","scalerank":8,"featurecla":"River","name":"Severn","name_alt":null,"rivernum":870,"note":"Version 1.2 edit in N. America and Europe","min_zoom":7,"name_en":"Severn","min_label":8}},
{"type":"Feature","geometry":{"type":"LineString","coordinates":[[-5.0771,42.9558],[-5.095,42.9481],[-5.1155,42.9325],[-5.1343,42.914],[-5.1463,42.8975],[-5.1518,42.8828],[-5.1492,42.8766],[-5.1424,42.8714],[-5.1351,42.8597],[-5.1287,42.8265],[-5.1314,42.7923],[-5.1409,42.7587],[-5.1542,42.7269],[-5.1849,42.6782],[-5.2213,42.6348],[-5.2777,42.5934],[-5.3384,42.5422],[-5.379,42.52],[-5.4705,42.4881],[-5.5206,42.4596],[-5.5519,42.4161],[-5.5631,42.3644],[-5.5527,42.3111],[-5.5454,42.3011],[-5.5369,42.2936],[-5.5314,42.2848],[-5.5332,42.2705],[-5.5736,42.1551],[-5.598,42.021],[-5.6115,41.9962],[-5.6321,41.9739],[-5.7745,41.8698],[-5.7807,41.8621],[-5.7848,41.8529],[-5.793,41.8223],[-5.7972,41.8155],[-5.8131,41.7976],[-5.8174,41.7901],[-5.8202,41.7823],[-5.8213,41.7741],[-5.82,41.7656],[-5.8155,41.7574],[-5.8026,41.7466],[-5.7969,41.7405],[-5.7935,41.7257],[-5.8028,41.7163],[-5.8328,41.7049],[-5.8586,41.691],[-5.8707,41.6824],[-5.8814,41.673],[-5.8917,41.6599],[-5.9083,41.6308],[-5.9184,41.6176],[-5.932,41.6093],[-5.963,41.5975],[-5.9723,41.5861],[-5.9737,41.5762],[-5.969,41.5463],[-5.97,41.5361],[-5.9735,41.5288],[-5.9781,41.522],[-5.9825,41.5135],[-6.009,41.5096],[-6.0246,41.5039],[-6.0344,41.4919],[-6.0352,41.4908]]},"properties":{"dissolve":"892River","scalerank":8,"featurecla":"River","name":"Esla","name_alt":null,"rivernum":892,"note":null,"min_zoom":7,"name_en":"Esla","min_label":8}},
{"type":"Feature","geometry":{"type":"LineString","coordinates":[[8.6205,45.7264],[8.6425,45.7215],[8.6497,45.7135],[8.6484,45.6852],[8.6531,45.6778],[8.6725,45.6707],[8.6799,45.6623],[8.6825,45.648],[8.6787,45.6398],[8.6742,45.6324],[8.6741,45.6203],[8.6777,45.6156],[8.6926,45.6046],[8.6975,45.5998],[8.6992,45.5935],[8.6983,45.581],[8.7007,45.5754],[8.7082,45.5624],[8.7202,45.5191],[8.7273,45.5098],[8.737,45.505],[8.7581,45.4976],[8.7786,45.4811],[8.8159,45.4219],[8.8648,45.3593],[8.9406,45.3042],[8.9902,45.2578],[9.0278,45.2322],[9.0674,45.2116],[9.1724,45.178],[9.2058,45.1622],[9.2241,45.1406]]},"properties":{"dissolve":"944River","scalerank":8,"featurecla":"River","name":"Ticino","name_alt":null,"rivernum":944,"note":null,"min_zoom":7,"name_en":"Ticino","min_label":8}},
{"type":"Feature","geometry":{"type":"LineString","coordinates":[[4.9511,46.8334],[4.9343,46.8209],[4.9174,46.8118],[4.9085,46.8082],[4.8811,46.8063],[4.8767,46.8037],[4.8735,46.7967],[4.8618,46.7831],[4.8657,46.7712],[4.885,46.7539],[4.9081,46.7383],[4.9446,46.7242],[4.9592,46.7056],[4.9671,46.681],[4.9683,46.6558],[4.964,46.631],[4.9561,46.6039],[4.9456,46.5789],[4.9343,46.5602],[4.9396,46.5423],[4.9423,46.5169],[4.94,46.4943],[4.9203,46.4751],[4.9063,46.4095],[4.8979,46.396],[4.8864,46.3829],[4.8765,46.3684],[4.8671,46.3317],[4.8554,46.3148],[4.8306,46.2866],[4.8123,46.2504],[4.8057,46.2291],[4.8022,46.2017],[4.7975,46.184],[4.7963,46.1591],[4.7946,46.1514],[4.7902,46.1419],[4.7742,46.1181],[4.7691,46.1078],[4.7588,46.077],[4.749,46.0594],[4.7497,46.0405],[4.7539,46.02],[4.7554,45.9979],[4.7468,45.9666],[4.7485,45.9569],[4.7573,45.9514],[4.7844,45.9448],[4.7902,45.9402],[4.7944,45.9312],[4.8127,45.9227],[4.8201,45.9066],[4.8381,45.8887],[4.8391,45.879],[4.8381,45.8545],[4.8412,45.8466],[4.8494,45.8325],[4.851,45.8232],[4.8491,45.8137],[4.84,45.8],[4.8381,45.789],[4.8374,45.7772],[4.8361,45.7686],[4.831,45.7527],[4.8306,45.7515]]},"properties":{"dissolve":"968River","scalerank":8,"featurecla":"River","name":"Sane","name_alt":null,"rivernum":968,"note":null,"min_zoom":7,"name_en":"Sane","min_label":8}},
{"type":"Feature","geometry":{"type":"MultiLineString","coordinates":[[[5.6909,50.7681],[5.6983,50.784],[5.7041,50.8245],[5.7004,50.8643],[5.6814,50.8846],[5.6879,50.8894],[5.7014,50.9051],[5.7055,50.9068],[5.7171,50.9095],[5.7219,50.9119],[5.7346,50.9243],[5.752,50.9475],[5.7634,50.9597],[5.7538,50.9633],[5.7441,50.9635],[5.7219,50.9597],[5.7612,50.9995],[5.7771,51.0239],[5.7634,51.0354],[5.7658,51.0487],[5.7709,51.0584],[5.7791,51.0616],[5.7907,51.0553],[5.7983,51.0617],[5.8039,51.0689],[5.8113,51.0826],[5.8085,51.0866],[5.8069,51.0897],[5.8045,51.0969],[5.8154,51.0961],[5.8261,51.0972],[5.8362,51.0998],[5.8454,51.1037],[5.8228,51.1191],[5.8259,51.1304],[5.8596,51.1515],[5.8748,51.1527],[5.8838,51.159],[5.8906,51.1668],[5.8993,51.1719],[5.9165,51.1715],[5.9328,51.167],[5.9463,51.1667],[5.9546,51.1788],[5.9457,51.1808],[5.9417,51.1835],[5.939,51.1873],[5.9341,51.1925],[5.9538,51.192],[5.969,51.1934],[5.979,51.2003],[5.9826,51.217],[5.9902,51.2289],[6.0054,51.2394],[6.0156,51.2497],[6.0092,51.2613],[6.0092,51.2676],[6.031,51.2702],[6.0647,51.296],[6.1005,51.3089],[6.113,51.3244],[6.1228,51.3427],[6.1333,51.3575],[6.1425,51.3627],[6.1528,51.3661],[6.1619,51.3719],[6.1675,51.3842],[6.166,51.3918],[6.1558,51.4068],[6.1533,51.4156],[6.1567,51.4311],[6.1745,51.4639],[6.1812,51.4804],[6.1801,51.4811],[6.1803,51.5033],[6.1812,51.5084],[6.1723,51.5127],[6.1458,51.5186],[6.1403,51.5251],[6.1326,51.544],[6.114,51.5534],[6.0713,51.563],[6.0593,51.5673],[6.0534,51.5703],[6.0493,51.5745],[6.0434,51.5828],[6.031,51.6126],[6.027,51.617],[6.0258,51.6206],[6.0061,51.6412],[5.9971,51.6468],[5.9871,51.6507],[5.9821,51.6558],[5.9887,51.6654],[5.9732,51.6762],[5.9597,51.7123],[5.9443,51.72],[5.904,51.7226],[5.8881,51.7289],[5.8794,51.7412],[5.8825,51.7532],[5.8626,51.7593],[5.7598,51.7625],[5.69,51.7926],[5.6706,51.7957],[5.6611,51.8001],[5.6489,51.8194],[5.643,51.8237],[5.5984,51.8299],[5.5344,51.8238],[5.5198,51.8268],[5.5007,51.8349],[5.4814,51.8301],[5.4617,51.821],[5.4413,51.8162],[5.4009,51.8181],[5.3809,51.8115],[5.3725,51.7921],[5.3674,51.7753],[5.3544,51.7625],[5.3369,51.7532],[5.3178,51.7473],[5.1188,51.7337],[5.089,51.7316],[5.0715,51.7222],[5.0608,51.72],[4.9035,51.7197],[4.8789,51.7269],[4.8665,51.7213],[4.8408,51.7177],[4.8267,51.7138]],[[4.1772,51.686],[4.1916,51.68],[4.2177,51.6644],[4.2508,51.6538],[4.2802,51.6482],[4.3337,51.6569],[4.3727,51.6736],[4.4032,51.7083],[4.5065,51.6952],[4.5449,51.696],[4.5796,51.7025],[4.6208,51.7147],[4.644,51.7191],[4.6755,51.7194],[4.7402,51.7255],[4.7622,51.7254],[4.8117,51.7128],[4.8306,51.7123]]]},"properties":{"dissolve":"970River","scalerank":8,"featurecla":"River","name":"Maas","name_alt":"Meuse","rivernum":970,"note":"Changed in 2.0","min_zoom":7,"name_en":"Maas","min_label":8}},
{"type":"Feature","geometry":{"type":"LineString","coordinates":[[4.7077,49.7674],[4.7014,49.7674]]},"properties":{"dissolve":"724River","scalerank":8,"featurecla":"River","name":"Maas","name_alt":"Maas","rivernum":724,"note":null,"min_zoom":7,"name_en":"Maas","min_label":8}},
{"type":"Feature","geometry":{"type":"LineString","coordinates":[[5.6052,48.0013],[5.5813,47.9998],[5.5613,48.001],[5.5469,48.0061],[5.5369,48.0059],[5.53,48.0264],[5.5573,48.1567],[5.575,48.1929],[5.5937,48.2148],[5.6194,48.2529],[5.6253,48.2566],[5.6294,48.2567],[5.6321,48.2591],[5.6331,48.2699],[5.6366,48.2728],[5.6445,48.2741],[5.6537,48.2742],[5.6604,48.2734],[5.6601,48.3098],[5.6917,48.3798],[5.674,48.4037],[5.6774,48.4137],[5.6846,48.4515],[5.695,48.454],[5.7023,48.4606],[5.7067,48.4705],[5.7083,48.4825],[5.7114,48.4922],[5.7256,48.5128],[5.7293,48.5198],[5.7288,48.5307],[5.7256,48.538],[5.7207,48.5378],[5.7156,48.5266],[5.7083,48.5266],[5.7045,48.5385],[5.6975,48.5475],[5.6873,48.553],[5.674,48.5545],[5.674,48.5607],[5.6869,48.5693],[5.6872,48.5843],[5.6826,48.6013],[5.6814,48.6159],[5.6902,48.6267],[5.7021,48.6356],[5.7051,48.645],[5.6877,48.6575],[5.7158,48.6646],[5.7278,48.6715],[5.7256,48.6815],[5.7094,48.701],[5.7009,48.7083],[5.6877,48.7122],[5.676,48.7107],[5.6531,48.7009],[5.643,48.6986],[5.6333,48.7031],[5.6328,48.7129],[5.6401,48.7224],[5.6536,48.7259],[5.6536,48.7332],[5.6438,48.7416],[5.6374,48.7449],[5.6296,48.7464],[5.6221,48.7498],[5.6193,48.7578],[5.6172,48.7671],[5.612,48.7742],[5.5901,48.7796],[5.5884,48.7805],[5.5766,48.7827],[5.5755,48.7882],[5.5774,48.7959],[5.5747,48.8044],[5.5676,48.8077],[5.5507,48.8059],[5.5437,48.8078],[5.5398,48.8145],[5.5358,48.8321],[5.5335,48.8357],[5.5178,48.8397],[5.5202,48.8485],[5.5335,48.8576],[5.5505,48.8624],[5.5368,48.8724],[5.5254,48.8732],[5.5127,48.8706],[5.4959,48.8698],[5.5039,48.8792],[5.518,48.8869],[5.531,48.892],[5.5369,48.8934],[5.5331,48.9095],[5.5242,48.916],[5.5127,48.9207],[5.5021,48.9313],[5.501,48.9409],[5.5073,48.9619],[5.5059,48.9688],[5.4242,49.0243],[5.4168,49.0275],[5.4121,49.0345],[5.4138,49.0502],[5.4202,49.0747],[5.4106,49.1326],[5.4031,49.1402],[5.3793,49.151],[5.3867,49.1669],[5.3782,49.1743],[5.365,49.1775],[5.3582,49.1814],[5.36,49.191],[5.3725,49.2193],[5.3189,49.2213],[5.3041,49.2255],[5.2974,49.2362],[5.3086,49.2435],[5.3376,49.2534],[5.2863,49.291],[5.2638,49.3133],[5.2632,49.3292],[5.2475,49.3347],[5.2129,49.3388],[5.198,49.3459],[5.1902,49.3577],[5.1858,49.3885],[5.1806,49.4042],[5.1911,49.4061],[5.1975,49.4105],[5.2007,49.4178],[5.2017,49.4278],[5.1995,49.4335],[5.1902,49.4427],[5.188,49.4486],[5.189,49.4544],[5.1912,49.4573],[5.1934,49.4594],[5.1943,49.4623],[5.1951,49.4686],[5.1965,49.4727],[5.1967,49.4776],[5.1943,49.4862],[5.1651,49.5395],[5.1575,49.5472],[5.1453,49.5488],[5.1049,49.5473],[5.0986,49.5482],[5.0955,49.5516],[5.0915,49.5576],[5.084,49.5623],[5.0707,49.5619],[5.0707,49.5681],[5.0901,49.5787],[5.0993,49.5911],[5.096,49.6041],[5.0781,49.6165],[4.9584,49.6739],[4.9404,49.6854],[4.9268,49.7127],[4.9063,49.7394],[4.8945,49.7374],[4.8932,49.7316],[4.895,49.723],[4.8926,49.7127],[4.8953,49.7137],[4.8979,49.7105],[4.8975,49.7049],[4.8926,49.6984],[4.8886,49.6974],[4.8721,49.6984],[4.8303,49.6947],[4.8062,49.6951],[4.7902,49.6984],[4.779,49.7081],[4.7793,49.7161],[4.7831,49.7239],[4.7827,49.7326],[4.7764,49.7442],[4.7725,49.7484],[4.7554,49.7537],[4.7355,49.7575],[4.6916,49.7599],[4.6735,49.7674],[4.6833,49.7727],[4.6926,49.7741],[4.7009,49.7722],[4.7077,49.7674],[4.7356,49.7674],[4.7214,49.781],[4.7307,49.7822],[4.7397,49.7818],[4.7478,49.7828],[4.7554,49.7879],[4.7541,49.8027],[4.7493,49.8118],[4.7458,49.8211],[4.7485,49.8362],[4.7542,49.8449],[4.7621,49.8482],[4.7719,49.847],[4.7827,49.8424],[4.7754,49.8542],[4.7637,49.8612],[4.7356,49.8697],[4.7402,49.876],[4.7414,49.8809],[4.7377,49.8854],[4.7288,49.8909],[4.7189,49.8782],[4.7102,49.8835],[4.7039,49.8985],[4.7014,49.9148],[4.6956,49.9156],[4.6835,49.9139],[4.6735,49.9185],[4.6735,49.9387],[4.6667,49.9387],[4.6594,49.9269],[4.6511,49.9286],[4.6404,49.9353],[4.6257,49.9387],[4.6257,49.9449],[4.642,49.9466],[4.6542,49.9546],[4.6608,49.9664],[4.6598,49.9796],[4.6672,49.9838],[4.6758,49.9858],[4.698,49.9864],[4.7124,49.9894],[4.7136,49.9956],[4.7078,50.0006],[4.7014,50.0001],[4.7018,50.0022],[4.7072,50.0142],[4.7117,50.0157],[4.7188,50.0142],[4.7258,50.0137],[4.7288,50.0178],[4.7293,50.0799],[4.7312,50.0865],[4.7424,50.0963],[4.7747,50.1138],[4.7793,50.1174],[4.7888,50.1136],[4.7922,50.0979],[4.8032,50.0963],[4.8139,50.1014],[4.8152,50.1095],[4.8105,50.1178],[4.8032,50.1236],[4.8032,50.1304],[4.833,50.1444],[4.8455,50.154],[4.8342,50.1584],[4.8298,50.1669],[4.8306,50.2124],[4.843,50.2132],[4.8591,50.2064],[4.8731,50.2036],[4.8789,50.2161],[4.8843,50.2192],[4.8953,50.2206],[4.9041,50.2231],[4.9033,50.2294],[4.8994,50.2388],[4.9058,50.2445],[4.9168,50.2468],[4.9268,50.2465],[4.9147,50.2768],[4.9097,50.2813],[4.9021,50.2845],[4.9028,50.2923],[4.906,50.3016],[4.9063,50.3092],[4.898,50.3203],[4.8848,50.3338],[4.8703,50.3455],[4.8584,50.3502],[4.8704,50.3537],[4.8745,50.3592],[4.8757,50.3669],[4.8789,50.3769],[4.8801,50.383],[4.8799,50.3899],[4.8818,50.3981],[4.8892,50.4082],[4.8901,50.4215],[4.8777,50.435],[4.8684,50.4496],[4.8789,50.4663],[4.8948,50.4725],[4.9578,50.4868],[4.9685,50.4847],[4.9877,50.4757],[4.999,50.4737],[5.0088,50.4761],[5.0139,50.4819],[5.0175,50.4885],[5.023,50.4935],[5.0424,50.4996],[5.1083,50.501],[5.1294,50.5049],[5.1743,50.5227],[5.1943,50.5277],[5.2162,50.5269],[5.2314,50.5241],[5.2442,50.5257],[5.2598,50.5383],[5.2678,50.5419],[5.2805,50.5432],[5.293,50.542],[5.3106,50.5328],[5.3207,50.5357],[5.3376,50.5482],[5.3849,50.5751],[5.4133,50.5852],[5.4622,50.5925],[5.4904,50.607],[5.499,50.6102],[5.5607,50.6102],[5.5715,50.6157],[5.5785,50.6284],[5.5844,50.6422],[5.5916,50.6519],[5.5991,50.6546],[5.6179,50.6561],[5.6262,50.658],[5.6348,50.6633],[5.6389,50.6684],[5.6416,50.6735],[5.6462,50.6785],[5.6659,50.6934],[5.6882,50.714],[5.6996,50.7358],[5.6877,50.7542],[5.6877,50.7611],[5.6909,50.7681]]},"properties":{"dissolve":"724River","scalerank":8,"featurecla":"River","name":"Maas","name_alt":"Maas","rivernum":724,"note":null,"min_zoom":7,"name_en":"Maas","min_label":8}},
{"type":"Feature","geometry":{"type":"LineString","coordinates":[[1.809,42.627],[1.8152,42.6426],[1.833,42.67],[1.8369,42.6884],[1.8303,42.715],[1.8119,42.7362],[1.7874,42.7522],[1.7612,42.7635],[1.675,42.7835],[1.6629,42.7895],[1.6514,42.7983],[1.6183,42.832],[1.6034,42.8553],[1.5967,42.8808],[1.6293,42.9129],[1.5922,42.9914],[1.6069,43.0341],[1.6194,43.0532],[1.6169,43.0714],[1.5967,43.1136],[1.596,43.1188],[1.5969,43.129],[1.5967,43.1341],[1.5951,43.1397],[1.5906,43.1487],[1.5893,43.1545],[1.5916,43.1663],[1.5967,43.1797],[1.5988,43.1934],[1.5876,43.2157],[1.584,43.2379],[1.5798,43.247],[1.5336,43.3135],[1.5247,43.3221],[1.4953,43.3442],[1.4528,43.3941],[1.4479,43.4049],[1.4404,43.43],[1.4355,43.4388],[1.4229,43.4543],[1.4096,43.4768],[1.4014,43.4999],[1.4043,43.5176]]},"properties":{"dissolve":"79000River","scalerank":6,"featurecla":"River","name":"Ariège","name_alt":null,"rivernum":79000,"note":"Changed in 2.0","min_zoom":5,"name_en":"Ariège","min_label":6}},
{"type":"Feature","geometry":{"type":"LineString","coordinates":[[0.9245,42.6461],[0.9197,42.6754],[0.9026,42.699],[0.8645,42.7078],[0.8213,42.7119],[0.7919,42.7242],[0.769,42.7381],[0.7263,42.7506],[0.7162,42.7535],[0.6987,42.7666],[0.6992,42.7916],[0.7336,42.8634],[0.7278,42.8858],[0.71,42.8997],[0.686,42.9262],[0.6604,42.9387],[0.6499,42.9478],[0.6386,42.9683],[0.624,43.0013],[0.6059,43.0315],[0.5862,43.0449],[0.57,43.0499],[0.5598,43.0597],[0.5588,43.0719],[0.5645,43.0825],[0.5781,43.0902],[0.617,43.1009],[0.6366,43.1101],[0.6611,43.115],[0.7228,43.1048],[0.7586,43.1102],[0.8274,43.1048],[0.8661,43.1063],[0.9043,43.121],[0.9419,43.1498],[0.9877,43.1812],[1.1047,43.2225],[1.1524,43.2521],[1.185,43.2793],[1.226,43.3059],[1.2488,43.3263],[1.2875,43.3719],[1.3001,43.3961],[1.333,43.4789],[1.3489,43.4942],[1.4043,43.5176],[1.4338,43.555],[1.4086,43.6246],[1.3298,43.7373],[1.3251,43.7408],[1.3125,43.7478],[1.3088,43.751],[1.3049,43.7598],[1.3019,43.7757],[1.2988,43.7814],[1.2717,43.8019],[1.2593,43.8142],[1.2542,43.8289],[1.2495,43.8341],[1.22,43.8807],[1.1887,43.9208],[1.179,43.9291],[1.179,43.9453],[1.1667,43.9682],[1.1484,43.9886],[1.1306,43.9974],[1.1045,44.0065],[1.0859,44.0278],[1.071,44.0527],[1.0554,44.0725],[1.0364,44.0811],[1.0291,44.0828],[1.0288,44.0829],[1.0048,44.0885],[0.9717,44.0904],[0.9252,44.0766],[0.8889,44.0812],[0.8528,44.0909],[0.8296,44.0999],[0.8189,44.1074],[0.7986,44.1263],[0.7886,44.134],[0.7742,44.1393],[0.7424,44.1456],[0.7039,44.1622],[0.6435,44.1643],[0.6172,44.1756],[0.5991,44.1968],[0.5877,44.2144],[0.5712,44.2264],[0.4181,44.2507],[0.3601,44.2515],[0.3332,44.26],[0.3218,44.2817],[0.3254,44.3111],[0.3249,44.3242],[0.3188,44.3363],[0.3057,44.3538],[0.2944,44.3742],[0.2932,44.381],[0.2962,44.3939],[0.2944,44.4015],[0.2914,44.4031],[0.2747,44.409],[0.2609,44.4186],[0.2529,44.422],[0.2453,44.423],[0.2295,44.422],[0.2228,44.4254],[0.2009,44.4454],[0.1369,44.4841],[0.1284,44.5003],[0.1238,44.5045],[0.1172,44.5052],[0.1021,44.5032],[0.0959,44.5045],[0.0754,44.5187],[0.0738,44.523],[0.0741,44.5297],[0.0724,44.536],[0.0649,44.5386],[0.0417,44.5333],[0.0317,44.5354],[0.0277,44.5489],[0.0206,44.557],[-0.0277,44.566],[-0.0361,44.5826],[-0.0413,44.5865],[-0.0513,44.5869],[-0.0601,44.5845],[-0.0681,44.5814],[-0.0755,44.5797],[-0.1335,44.5797],[-0.2295,44.5681],[-0.2603,44.5734],[-0.2843,44.588],[-0.3718,44.691],[-0.3839,44.6998],[-0.4338,44.7174],[-0.5003,44.7584],[-0.52,44.7783],[-0.5279,44.8096],[-0.535,44.8237],[-0.5506,44.8326],[-0.567,44.8394],[-0.5758,44.8472],[-0.5735,44.861],[-0.5496,44.8819],[-0.5417,44.898]]},"properties":{"dissolve":"303River","scalerank":6,"featurecla":"River","name":"Garonne","name_alt":null,"rivernum":303,"note":"Changed in 2.0","min_zoom":5,"name_en":"Garonne","min_label":6}},
{"type":"Feature","geometry":{"type":"LineString","coordinates":[[3.0111,47.174],[2.9926,47.2034],[2.9877,47.2216],[2.9858,47.2403],[2.9802,47.2562],[2.9717,47.2692],[2.9609,47.2796],[2.9331,47.3001],[2.904,47.3121],[2.8953,47.3175],[2.8806,47.3332],[2.8787,47.3458],[2.8859,47.359],[2.9292,47.4199],[2.9331,47.4339],[2.9299,47.4534],[2.9216,47.4671],[2.8779,47.5198],[2.8437,47.5434],[2.8374,47.5527],[2.7966,47.5881],[2.7656,47.6025],[2.7546,47.6094],[2.7412,47.6223],[2.7402,47.6263],[2.7415,47.6311],[2.7416,47.635],[2.7376,47.6365],[2.7331,47.6376],[2.7207,47.6436],[2.7171,47.6464],[2.7107,47.6539],[2.7068,47.6575],[2.459,47.7659],[2.426,47.7731],[2.3682,47.7705],[2.3503,47.7731],[2.3445,47.7774],[2.3394,47.7844],[2.332,47.7908],[2.3198,47.7936],[2.3013,47.7945],[2.2946,47.7967],[2.2888,47.8011],[2.2888,47.8072],[2.2983,47.8203],[2.249,47.837],[2.2478,47.855],[2.2327,47.8598],[2.1413,47.8653],[2.0995,47.876],[2.0759,47.8755],[2.0668,47.8717],[2.0588,47.8663],[2.051,47.8621],[2.0418,47.8624],[2.0361,47.8684],[2.0309,47.8861],[2.0247,47.8898],[2.0058,47.8919],[1.9756,47.9013],[1.8836,47.9056],[1.8676,47.9],[1.853,47.8889],[1.8351,47.8806],[1.7302,47.8531],[1.7202,47.8451],[1.7144,47.8362],[1.6725,47.7936],[1.6633,47.7894],[1.6552,47.7886],[1.647,47.7869],[1.6377,47.7799],[1.6172,47.7427],[1.6118,47.7386],[1.5886,47.7325],[1.5832,47.7284],[1.5824,47.7143],[1.5796,47.7077],[1.5247,47.6746],[1.5042,47.6668],[1.4592,47.6603],[1.439,47.6514],[1.3095,47.5724],[1.282,47.5465],[1.2581,47.5131],[1.2424,47.4981],[1.2232,47.4919],[1.2013,47.4894],[0.9055,47.4007],[0.8228,47.4025],[0.7859,47.4085],[0.7078,47.4086],[0.5452,47.3814],[0.5073,47.369],[0.4932,47.3616],[0.479,47.3519],[0.4556,47.3315],[0.4426,47.3259],[0.4087,47.324],[0.3941,47.3175],[0.3731,47.3032],[0.2109,47.2425],[0.1227,47.2361],[0.0964,47.23],[0.0754,47.2182],[0.01,47.2477],[-0.0102,47.2517],[-0.0325,47.2532],[-0.053,47.2577],[-0.0718,47.2646],[-0.0891,47.2734],[-0.144,47.3146],[-0.1611,47.3206],[-0.1809,47.3243],[-0.2497,47.3623],[-0.2672,47.3832],[-0.2742,47.3891],[-0.2913,47.4001],[-0.2986,47.4063],[-0.3135,47.4129],[-0.3771,47.4237],[-0.3995,47.4239],[-0.456,47.4168],[-0.513,47.4237],[-0.5347,47.4237],[-0.6099,47.4134],[-0.6177,47.4025],[-0.6362,47.3911],[-0.6719,47.3758],[-0.6872,47.3721],[-0.7169,47.3699],[-0.7313,47.371],[-0.8364,47.3963],[-0.8817,47.4003],[-1.0009,47.3832],[-1.1287,47.3815],[-1.1648,47.3758],[-1.2232,47.3511],[-1.2439,47.3479],[-1.2862,47.3458],[-1.3043,47.3409],[-1.4605,47.2533],[-1.4879,47.2262],[-1.5006,47.2182],[-1.5107,47.2171],[-1.5319,47.2188],[-1.5421,47.2182],[-1.5483,47.2158],[-1.5694,47.2045],[-1.5883,47.1997],[-1.63,47.1961],[-1.6514,47.1971],[-1.7121,47.2105],[-1.7345,47.2108]]},"properties":{"dissolve":"178River","scalerank":5,"featurecla":"River","name":"Loire","name_alt":null,"rivernum":178,"note":"Changed in 2.0","min_zoom":4.7,"name_en":"Loire","min_label":5.7}},
{"type":"Feature","geometry":{"type":"MultiLineString","coordinates":[[[7.6475,44.8391],[7.6141,44.8235],[7.564,44.812],[7.5535,44.7963],[7.5233,44.7839],[7.4988,44.7682],[7.479,44.7516],[7.4511,44.7392],[7.4487,44.721],[7.4546,44.7078],[7.4511,44.6854],[7.4441,44.6581],[7.4255,44.6382],[7.4068,44.6324],[7.3812,44.6333],[7.3533,44.6391],[7.3323,44.6523],[7.3009,44.668],[7.2741,44.6821],[7.2485,44.6863],[7.217,44.6838],[7.1926,44.6871],[7.1923,44.6872],[7.167,44.6962],[7.1413,44.7012],[7.1041,44.7012]],[[7.6475,44.8391],[7.6506,44.8483],[7.6511,44.8608],[7.6585,44.8672],[7.6692,44.8828],[7.6831,44.9143],[7.6831,44.9212],[7.6716,44.9285],[7.6724,44.9386],[7.6892,44.9621],[7.6906,44.9606],[7.694,44.9596],[7.6972,44.9617],[7.6973,44.9696],[7.683,44.9927],[7.6706,45.0074],[7.667,45.0314],[7.6668,45.0572],[7.6687,45.0734],[7.6838,45.0986],[7.7045,45.1099],[7.728,45.117],[7.7514,45.1295],[7.7558,45.1376],[7.7582,45.1489],[7.7616,45.1588],[7.7688,45.163],[7.7903,45.1669],[7.8051,45.176],[7.8271,45.1978],[7.8711,45.2203],[7.9063,45.2198],[7.9394,45.21],[7.9772,45.204],[8.036,45.2137],[8.0639,45.2183],[8.1418,45.2108],[8.2062,45.2217],[8.2151,45.2152],[8.2717,45.221],[8.2902,45.2183],[8.2996,45.211],[8.3067,45.2022],[8.3168,45.1948],[8.3349,45.1916],[8.342,45.1892],[8.3648,45.1761],[8.375,45.1743],[8.3823,45.1702],[8.3876,45.1658],[8.3921,45.1631],[8.4545,45.1506],[8.4897,45.1485],[8.5112,45.1556],[8.5213,45.1509],[8.5552,45.1433],[8.5696,45.142],[8.5732,45.1369],[8.6074,45.1079],[8.632,45.0609],[8.6454,45.0411],[8.6689,45.0247],[8.6821,45.0312],[8.6939,45.0305],[8.7129,45.0247],[8.7509,45.0247],[8.7739,45.0275],[8.8334,45.0532],[8.8574,45.0604],[8.9289,45.0731],[8.9553,45.0738],[8.9666,45.0759],[8.9712,45.0836],[8.9778,45.0884],[8.9927,45.0877],[9.0087,45.0838],[9.0183,45.0799],[9.0251,45.0864],[9.0327,45.0866],[9.042,45.0854],[9.053,45.0873],[9.0608,45.093],[9.0696,45.1054],[9.0764,45.1079],[9.0994,45.1099],[9.1184,45.1149],[9.1669,45.1352],[9.1856,45.1392],[9.2245,45.1405],[9.3057,45.1284],[9.3263,45.1219],[9.3645,45.1046],[9.3845,45.101],[9.4701,45.101],[9.4917,45.1035],[9.5005,45.103],[9.5119,45.101],[9.5319,45.0881],[9.5417,45.0859],[9.5459,45.0973],[9.544,45.1068],[9.5405,45.1157],[9.5388,45.124],[9.5425,45.1314],[9.5525,45.1347],[9.561,45.1289],[9.5733,45.1147],[9.5901,45.1124],[9.6028,45.1181],[9.6143,45.1254],[9.6284,45.1284],[9.6403,45.1259],[9.6413,45.1219],[9.6372,45.117],[9.6347,45.1113],[9.635,45.0985],[9.6366,45.0938],[9.6489,45.0873],[9.6813,45.0752],[9.7222,45.0721],[9.7524,45.0819],[9.752,45.1079],[9.7548,45.1093],[9.7566,45.1091],[9.7577,45.1099],[9.7582,45.1147],[9.7644,45.1147],[9.7749,45.1014],[9.8117,45.0845],[9.8196,45.0765],[9.8242,45.0685],[9.8335,45.0681],[9.8401,45.0737],[9.8367,45.0836],[9.8301,45.0961],[9.8386,45.0984],[9.8806,45.0914],[9.8957,45.0917],[9.8994,45.099],[9.8848,45.1177],[9.8827,45.134],[9.9037,45.1383],[9.923,45.1299],[9.9158,45.1079],[9.9863,45.1285],[9.9978,45.1246],[10.0021,45.1195],[10.0214,45.1099],[10.0256,45.1044],[10.0281,45.097],[10.0462,45.0656],[10.0717,45.0374],[10.1047,45.0351],[10.1428,45.0432],[10.1834,45.0464],[10.2236,45.038],[10.3268,44.9912],[10.3503,44.9839],[10.3652,44.9847],[10.3789,44.9887],[10.3989,44.9912],[10.4138,44.9847],[10.4299,44.9512],[10.4434,44.9365],[10.4777,44.9232],[10.5212,44.916],[10.5654,44.9155],[10.6011,44.9223],[10.6325,44.9393],[10.6633,44.9651],[10.6852,44.9935],[10.6904,45.0184],[10.6852,45.0243],[10.6768,45.0287],[10.6699,45.035],[10.6694,45.0464],[10.6742,45.0493],[10.7007,45.0594],[10.7866,45.0464],[10.8176,45.0452],[10.8269,45.0464],[10.8376,45.0508],[10.855,45.0631],[10.8649,45.0656],[10.8742,45.0635],[10.8847,45.0598],[10.8954,45.0582],[10.9055,45.0625],[10.913,45.071],[10.9159,45.0756],[10.9216,45.0782],[10.9362,45.0799],[10.9487,45.0781],[10.9614,45.0739],[10.9736,45.0728],[10.9762,45.0745],[10.9846,45.0799],[11,45.0733]]]},"properties":{"dissolve":"219River","scalerank":6,"featurecla":"River","name":"Po","name_alt":null,"rivernum":219,"note":"Version 4 edit","min_zoom":5,"name_en":"Po","min_label":6}},
{"type":"Feature","geometry":{"type":"MultiLineString","coordinates":[[[3.0782,46.9851],[3.0717,46.999],[3.0715,47.016],[3.0741,47.0348],[3.0708,47.0537],[3.0618,47.0627],[3.0495,47.067],[3.0376,47.0731],[3.0293,47.0878],[3.0285,47.1022],[3.0303,47.1166],[3.03,47.1319],[3.0219,47.1492],[3.0151,47.1677],[3.0111,47.174]],[[4.1906,44.8274],[4.1834,44.8003],[4.1726,44.7829],[4.1483,44.7816],[4.1084,44.7934],[4.0671,44.8144],[4.0127,44.8519],[3.9387,44.8773],[3.9235,44.8947],[3.9196,44.9138],[3.9089,44.9446],[3.9168,44.9663],[3.9081,44.9763],[3.8958,44.9864],[3.89,44.9965],[3.8941,45.0037],[3.9192,45.0134],[3.9292,45.0278],[3.9292,45.0467],[3.9076,45.0781],[3.9065,45.0903],[3.9085,45.1018],[3.9035,45.1251],[3.9178,45.1384],[3.926,45.1544],[3.93,45.1741],[3.9292,45.191],[3.9375,45.2034],[3.9631,45.2121],[3.9959,45.2152],[4.021,45.2133],[4.0497,45.2185],[4.0915,45.2387],[4.124,45.2653],[4.1306,45.2859],[4.1279,45.3034],[4.1375,45.3225],[4.1541,45.3364],[4.1784,45.3467],[4.2007,45.3803],[4.2219,45.3993],[4.2401,45.4223],[4.2468,45.4518],[4.2472,45.4779],[4.2521,45.5057],[4.2483,45.5255],[4.2479,45.5456],[4.2625,45.5697],[4.2383,45.5986],[4.2356,45.6113],[4.2371,45.6238],[4.2329,45.6384],[4.222,45.6521],[4.197,45.6718],[4.1985,45.6813],[4.2039,45.6942],[4.2025,45.7282],[4.2059,45.7543],[4.1908,45.7851],[4.1852,45.8147],[4.1641,45.8286],[4.1336,45.8676],[4.1126,45.8793],[4.1073,45.8896],[4.0942,45.9055],[4.0401,45.942],[4.0274,45.9617],[4.0281,45.9802],[4.0337,45.9967],[4.0511,46.0162],[4.1033,46.0657],[4.1057,46.0788],[4.0989,46.0912],[4.0999,46.1423],[4.093,46.1737],[4.0769,46.2016],[4.035,46.2418],[4.022,46.266],[4.0183,46.2865],[4.021,46.2973],[4.0198,46.3095],[4.0161,46.3167],[4.0008,46.3293],[4.0015,46.3323],[4.0012,46.3354],[4,46.3376],[3.9982,46.3394],[3.9951,46.3419],[3.9915,46.3457],[3.9889,46.3491],[3.9871,46.3526],[3.986,46.3563],[3.986,46.3607],[3.9872,46.3664],[3.9876,46.3709],[3.9863,46.3745],[3.9844,46.3775],[3.9819,46.3803],[3.9798,46.3832],[3.979,46.3882],[3.9792,46.3949],[3.9888,46.4226],[3.9895,46.4272],[3.9891,46.4318],[3.9867,46.4363],[3.9842,46.4398],[3.9821,46.4434],[3.9807,46.4482],[3.9802,46.455],[3.9788,46.4626],[3.9768,46.4669],[3.9744,46.4694],[3.9719,46.4706],[3.9587,46.4753],[3.9466,46.4813],[3.9368,46.4841],[3.9066,46.4872],[3.8782,46.4929],[3.8739,46.4946],[3.8706,46.4967],[3.8665,46.5011],[3.8648,46.5026],[3.8499,46.5092],[3.839,46.519],[3.8348,46.5219],[3.8301,46.5229],[3.8249,46.523],[3.8099,46.5219],[3.8054,46.5231],[3.802,46.5251],[3.799,46.5277],[3.7957,46.5298],[3.7909,46.5312],[3.7805,46.533],[3.7762,46.5347],[3.7673,46.5406],[3.7648,46.5418],[3.7485,46.5457],[3.741,46.5493],[3.7389,46.553],[3.7394,46.5566],[3.7434,46.5635],[3.7446,46.5676],[3.7456,46.5933],[3.7429,46.6102],[3.74,46.6154],[3.7363,46.6186],[3.7244,46.6227],[3.7078,46.64],[3.7028,46.6516],[3.6987,46.6571],[3.6939,46.6602],[3.6887,46.6618],[3.6849,46.6638],[3.6735,46.6739],[3.6707,46.6767],[3.6579,46.6859],[3.6558,46.6907],[3.6526,46.7012],[3.6497,46.7076],[3.6248,46.7392],[3.6206,46.7547],[3.6106,46.761],[3.5999,46.7619],[3.5374,46.8002],[3.466,46.8352],[3.4317,46.8432],[3.3656,46.8423],[3.3467,46.8485],[3.3311,46.8603],[3.3091,46.8729],[3.2863,46.8906],[3.2515,46.9407],[3.229,46.963],[3.2028,46.978],[3.176,46.9868],[3.1531,46.9867],[3.1203,46.9728],[3.1013,46.9693],[3.0842,46.9728],[3.0782,46.9852]]]},"properties":{"dissolve":"178River","scalerank":5,"featurecla":"River","name":"Loire","name_alt":null,"rivernum":178,"note":"Changed in 4.0","min_zoom":4.7,"name_en":"Loire","min_label":5.7}}
]}