{"type":"FeatureCollection", "features": [
{"type":"Feature","geometry":{"type":"MultiPolygon","coordinates":[[[[4.12789,52],[1.4221,52],[1.35483,51.95405],[1.34352,51.94286],[1.33229,51.94009],[1.26442,51.99437],[1.23643,52],[1.19531,52],[1.21437,51.99144],[1.26027,51.98481],[1.27076,51.98151],[1.27516,51.977],[1.27442,51.96088],[1.27101,51.95645],[1.25074,51.95962],[1.23894,51.95865],[1.21762,51.95433],[1.20574,51.95344],[1.19321,51.95551],[1.16529,51.96703],[1.14308,51.96605],[1.09449,51.95596],[1.0691,51.95344],[1.09547,51.94575],[1.26205,51.93915],[1.28199,51.9466],[1.27849,51.92792],[1.19955,51.87767],[1.21225,51.87165],[1.22788,51.86738],[1.26442,51.864],[1.27475,51.87031],[1.28224,51.88056],[1.28663,51.88166],[1.28826,51.86058],[1.27638,51.84479],[1.21925,51.81184],[1.16782,51.79023],[1.13543,51.78172],[1.06544,51.7753],[1.04664,51.77705],[1.03728,51.78217],[1.02133,51.80256],[0.98878,51.83027],[0.97983,51.84357],[0.97706,51.82461],[0.96209,51.81379],[0.92514,51.80256],[0.8943,51.78461],[0.88697,51.78213],[0.8864,51.77668],[0.88347,51.76472],[0.87892,51.75275],[0.87371,51.7473],[0.86199,51.74555],[0.84596,51.73676],[0.8357,51.73371],[0.8235,51.73383],[0.80144,51.73969],[0.79176,51.74116],[0.7671,51.73945],[0.72088,51.72818],[0.69858,51.72004],[0.7142,51.71528],[0.73243,51.71377],[0.74928,51.70848],[0.76075,51.69269],[0.78907,51.71015],[0.85304,51.7189],[0.88356,51.72687],[0.91236,51.74152],[0.93002,51.7436],[0.94557,51.73371],[0.94744,51.72525],[0.94459,51.71548],[0.94044,51.70799],[0.93816,51.70637],[0.9402,51.69843],[0.94402,51.69058],[0.95183,51.67841],[0.94174,51.67304],[0.938,51.6645],[0.93816,51.64126],[0.93474,51.63589],[0.92677,51.63093],[0.91147,51.62385],[0.93849,51.62499],[0.94809,51.62153],[0.95183,51.61701],[0.92449,51.58832],[0.8733,51.55948],[0.8283,51.54186],[0.81625,51.53718],[0.77125,51.52827],[0.69207,51.53632],[0.6644,51.53506],[0.66375,51.53555],[0.65056,51.53579],[0.64666,51.53535],[0.64405,51.53506],[0.64275,51.53352],[0.62338,51.52204],[0.60865,51.51899],[0.59523,51.51862],[0.58229,51.51655],[0.56886,51.50837],[0.55275,51.51797],[0.54721,51.51773],[0.5254,51.51691],[0.45607,51.50556],[0.45086,51.49828],[0.44801,51.48823],[0.44166,51.47704],[0.42848,51.46711],[0.41407,51.4619],[0.39918,51.4584],[0.38453,51.45311],[0.44842,51.45995],[0.4568,51.46312],[0.46144,51.47016],[0.46485,51.47724],[0.46957,51.48041],[0.53484,51.49169],[0.69484,51.47704],[0.70948,51.47053],[0.72193,51.45629],[0.72316,51.44672],[0.71315,51.44123],[0.69239,51.43952],[0.65651,51.44453],[0.64096,51.44416],[0.60939,51.42512],[0.57277,51.41958],[0.55454,51.41218],[0.56227,51.40656],[0.5691,51.3996],[0.57651,51.39362],[0.58595,51.39106],[0.67189,51.39106],[0.7129,51.38422],[0.70493,51.39598],[0.70037,51.40982],[0.70533,51.4195],[0.72641,51.41901],[0.72836,51.40624],[0.73927,51.38793],[0.75343,51.37153],[0.76442,51.36441],[0.97722,51.34919],[1.10092,51.37324],[1.42384,51.39208],[1.44825,51.38288],[1.43914,51.35008],[1.43556,51.34374],[1.43084,51.3378],[1.42514,51.33295],[1.41863,51.32966],[1.38299,51.32978],[1.37762,51.32624],[1.38063,51.30476],[1.38787,51.28791],[1.40431,51.26138],[1.4131,51.22175],[1.4048,51.18354],[1.38445,51.15168],[1.35719,51.13101],[1.29038,51.11652],[1.26295,51.10326],[1.25164,51.10253],[1.22999,51.10371],[1.21811,51.10098],[1.20826,51.09467],[1.19972,51.08759],[1.19207,51.08259],[1.17221,51.07738],[1.1067,51.07636],[1.08717,51.07298],[1.06691,51.0644],[1.0276,51.04165],[0.97641,50.99445],[0.96648,50.98273],[0.96909,50.95686],[0.97983,50.91816],[0.94516,50.90937],[0.8698,50.92512],[0.80226,50.9392],[0.76246,50.93089],[0.6644,50.87031],[0.6242,50.85871],[0.40748,50.82933],[0.37029,50.81879],[0.36525,50.819],[0.35426,50.80964],[0.34441,50.79906],[0.3423,50.79515],[0.30812,50.78095],[0.27101,50.74738],[0.2339,50.74702],[0.21412,50.74893],[0.16831,50.75983],[0.1574,50.76105],[0.12208,50.76081],[0.11305,50.76415],[0.09555,50.77505],[0.07704,50.779],[0.03452,50.78095],[0.01755,50.78486],[-0.17317,50.82901],[-0.20612,50.83104],[-0.20889,50.83011],[-0.23314,50.82193],[-0.26968,50.83129],[-0.39757,50.80207],[-0.56896,50.80207],[-0.73274,50.76728],[-0.74157,50.76923],[-0.74987,50.77387],[-0.75821,50.77709],[-0.76757,50.77473],[-0.7731,50.76602],[-0.76626,50.74714],[-0.77098,50.73688],[-0.78995,50.73005],[-0.81281,50.73477],[-0.90412,50.77188],[-0.91149,50.77782],[-0.90587,50.78803],[-0.89249,50.79462],[-0.86364,50.80207],[-0.86364,50.80825],[-0.87361,50.81293],[-0.89314,50.82534],[-0.90469,50.82933],[-0.90953,50.826],[-0.9217,50.8216],[-0.92894,50.82282],[-0.91902,50.83617],[-0.9298,50.83999],[-0.9392,50.84325],[-0.97077,50.84699],[-0.99486,50.84707],[-1.00186,50.84711],[-1.02074,50.84366],[-1.03356,50.82591],[-1.04263,50.80191],[-1.05622,50.78303],[-1.08275,50.78095],[-1.10302,50.79548],[-1.09362,50.81293],[-1.07531,50.83002],[-1.06916,50.84366],[-1.08731,50.8498],[-1.08812,50.84976],[-1.14981,50.84667],[-1.1647,50.84366],[-1.12971,50.8251],[-1.12377,50.81879],[-1.1212,50.79938],[-1.12491,50.78872],[-1.13805,50.78095],[-1.15111,50.7814],[-1.16934,50.78588],[-1.18562,50.79243],[-1.19262,50.79865],[-1.19929,50.80793],[-1.23152,50.81892],[-1.2552,50.83194],[-1.28816,50.83918],[-1.30142,50.84366],[-1.31859,50.85692],[-1.33894,50.87271],[-1.44929,50.91206],[-1.46642,50.91816],[-1.46642,50.91193],[-1.45645,50.90876],[-1.43798,50.90131],[-1.42561,50.90009],[-1.40111,50.88117],[-1.32307,50.82575],[-1.31428,50.81216],[-1.31729,50.80024],[-1.33983,50.79515],[-1.40396,50.79157],[-1.41869,50.7884],[-1.41137,50.7849],[-1.40494,50.78095],[-1.40494,50.77473],[-1.45051,50.76936],[-1.47623,50.76341],[-1.48754,50.75772],[-1.49193,50.75727],[-1.52473,50.76105],[-1.5572,50.72329],[-1.5594,50.71922],[-1.56119,50.71898],[-1.58072,50.72264],[-1.60212,50.73176],[-1.67064,50.74006],[-1.67292,50.74006],[-1.69302,50.73994],[-1.71508,50.73579],[-1.75353,50.72285],[-1.77172,50.72012],[-1.79743,50.72317],[-1.83507,50.72769],[-1.85741,50.72696],[-1.87735,50.72285],[-1.89635,50.7163],[-1.89688,50.71605],[-1.91389,50.70742],[-1.92911,50.69587],[-1.94001,50.69082],[-1.94432,50.69766],[-1.94612,50.70791],[-1.94929,50.71332],[-1.9877,50.72012],[-2.0139,50.71894],[-2.02196,50.72012],[-2.02546,50.72386],[-2.02619,50.72508],[-2.03384,50.73713],[-2.03897,50.73994],[-2.04808,50.73481],[-2.08267,50.69896],[-2.06957,50.7001],[-2.05773,50.70283],[-2.04662,50.70726],[-2.03563,50.71332],[-2.01415,50.68879],[-2.00251,50.6813],[-1.98412,50.67853],[-1.96744,50.67866],[-1.95279,50.67658],[-1.94587,50.66885],[-1.95295,50.65184],[-1.93822,50.64582],[-1.93248,50.64444],[-1.96727,50.61709],[-1.9652,50.6022],[-1.98371,50.59663],[-2.06517,50.59553],[-2.08218,50.59785],[-2.15734,50.62051],[-2.34264,50.63378],[-2.37706,50.64753],[-2.39835,50.64558],[-2.4359,50.63752],[-2.44762,50.62788],[-2.46007,50.60651],[-2.46565,50.58515],[-2.45645,50.57551],[-2.43122,50.57026],[-2.4287,50.55756],[-2.43928,50.54182],[-2.45336,50.52766],[-2.45954,50.52766],[-2.46036,50.5655],[-2.48351,50.5904],[-2.69294,50.69282],[-2.86482,50.73379],[-2.88732,50.73436],[-2.94555,50.72582],[-2.96276,50.72329],[-2.9982,50.70824],[-3.02184,50.70649],[-3.05972,50.71332],[-3.07136,50.71101],[-3.09415,50.69896],[-3.09923,50.69709],[-3.11583,50.68797],[-3.12548,50.68529],[-3.13589,50.68594],[-3.15514,50.69135],[-3.16649,50.69282],[-3.18562,50.69074],[-3.21915,50.68081],[-3.25984,50.67455],[-3.27139,50.6645],[-3.28043,50.65119],[-3.29556,50.63752],[-3.36815,50.61709],[-3.39074,50.61783],[-3.40754,50.62128],[-3.42097,50.62946],[-3.43334,50.64444],[-3.44636,50.66828],[-3.45043,50.67231],[-3.45328,50.67329],[-3.45543,50.67544],[-3.45861,50.67756],[-3.46443,50.67853],[-3.46776,50.67642],[-3.4689,50.6717],[-3.46784,50.66698],[-3.45531,50.6579],[-3.44205,50.62352],[-3.43334,50.61026],[-3.45116,50.59943],[-3.46727,50.5856],[-3.48176,50.56855],[-3.49486,50.54816],[-3.50597,50.52082],[-3.50503,50.50121],[-3.48746,50.45942],[-3.50975,50.45848],[-3.53213,50.45478],[-3.54943,50.44652],[-3.55626,50.43212],[-3.54931,50.4156],[-3.53197,50.41022],[-3.48746,50.41157],[-3.48746,50.40477],[-3.49747,50.38736],[-3.49828,50.38369],[-3.50731,50.3828],[-3.51496,50.37995],[-3.52013,50.37482],[-3.52693,50.3498],[-3.53889,50.34443],[-3.55451,50.34764],[-3.57055,50.35639],[-3.57779,50.33405],[-3.59911,50.32583],[-3.62157,50.32193],[-3.63199,50.31232],[-3.63736,50.2954],[-3.64757,50.27456],[-3.65331,50.25104],[-3.64562,50.22602],[-3.66063,50.22102],[-3.70092,50.21353],[-3.71801,50.21239],[-3.74039,50.21589],[-3.75862,50.22175],[-3.77424,50.22297],[-3.78897,50.21239],[-3.82632,50.2342],[-3.88418,50.28046],[-3.94994,50.319],[-3.96101,50.32225],[-3.9702,50.32075],[-3.99576,50.31143],[-4.0056,50.30923],[-4.01134,50.30695],[-4.02477,50.29719],[-4.03295,50.29491],[-4.04406,50.29645],[-4.05435,50.30036],[-4.07022,50.30923],[-4.06794,50.31281],[-4.06404,50.32225],[-4.08601,50.32624],[-4.10827,50.33662],[-4.11872,50.35187],[-4.10497,50.37067],[-4.14175,50.36905],[-4.15274,50.37067],[-4.16552,50.37637],[-4.17146,50.3828],[-4.17577,50.39086],[-4.18383,50.40107],[-4.19148,50.41763],[-4.18391,50.43171],[-4.17032,50.44514],[-4.15953,50.45942],[-4.17943,50.45307],[-4.18956,50.45368],[-4.20055,50.45942],[-4.20368,50.4514],[-4.20474,50.44868],[-4.21239,50.44147],[-4.22252,50.43797],[-4.23473,50.4383],[-4.23473,50.43212],[-4.2202,50.42585],[-4.21614,50.41572],[-4.21972,50.4051],[-4.2285,50.39737],[-4.24144,50.39468],[-4.28991,50.39737],[-4.27302,50.3819],[-4.21618,50.38776],[-4.19376,50.3769],[-4.2285,50.37067],[-4.2285,50.36384],[-4.22012,50.3653],[-4.20055,50.36384],[-4.208,50.35639],[-4.18004,50.35639],[-4.18004,50.35017],[-4.19131,50.34756],[-4.19799,50.34223],[-4.19913,50.3354],[-4.19376,50.32844],[-4.19376,50.32225],[-4.215,50.32315],[-4.2257,50.3354],[-4.2351,50.34956],[-4.25235,50.35639],[-4.33772,50.37067],[-4.3837,50.3675],[-4.45621,50.3382],[-4.49535,50.32844],[-4.65982,50.32225],[-4.65958,50.32062],[-4.66271,50.31778],[-4.66779,50.31533],[-4.67345,50.31542],[-4.68716,50.34272],[-4.69432,50.34345],[-4.70018,50.34089],[-4.70556,50.33755],[-4.71133,50.33588],[-4.73156,50.33466],[-4.7521,50.33031],[-4.76329,50.32209],[-4.75544,50.30923],[-4.75544,50.30174],[-4.76236,50.29804],[-4.77164,50.29157],[-4.77986,50.28433],[-4.78335,50.2779],[-4.78189,50.2718],[-4.77652,50.26508],[-4.77652,50.26081],[-4.78844,50.24209],[-4.79015,50.23656],[-4.80016,50.22956],[-4.84972,50.23457],[-4.86872,50.22944],[-4.88732,50.21499],[-4.90477,50.20844],[-4.94725,50.19937],[-4.96068,50.1905],[-5.00243,50.14411],[-5.01456,50.15656],[-5.02037,50.19196],[-5.03319,50.19937],[-5.05297,50.19579],[-5.05362,50.18692],[-5.05187,50.17552],[-5.06456,50.16462],[-5.06456,50.15839],[-5.0585,50.15546],[-5.04345,50.14411],[-5.05187,50.1446],[-5.05846,50.14273],[-5.07079,50.13727],[-5.08031,50.13272],[-5.08161,50.12539],[-5.08096,50.11717],[-5.08503,50.10993],[-5.0939,50.10554],[-5.12597,50.09634],[-5.11465,50.09663],[-5.10607,50.09512],[-5.09187,50.0895],[-5.0869,50.08906],[-5.07535,50.09048],[-5.07079,50.0895],[-5.06847,50.08515],[-5.06493,50.07185],[-5.06086,50.06904],[-5.05651,50.06061],[-5.06949,50.04218],[-5.09805,50.01439],[-5.10729,50.01301],[-5.12743,50.01545],[-5.13964,50.01439],[-5.14647,50.01057],[-5.17614,49.98794],[-5.18773,49.9645],[-5.19115,49.95913],[-5.2001,49.96137],[-5.21036,49.96674],[-5.24039,49.98835],[-5.24523,49.99311],[-5.2495,50.00007],[-5.25304,50.01264],[-5.25227,50.0207],[-5.25267,50.02778],[-5.25975,50.03767],[-5.2884,50.06769],[-5.30435,50.08027],[-5.32396,50.0895],[-5.38418,50.10798],[-5.42471,50.11274],[-5.45812,50.12588],[-5.47484,50.13044],[-5.49568,50.12963],[-5.52184,50.12373],[-5.54092,50.11347],[-5.54064,50.09976],[-5.53466,50.08234],[-5.54556,50.06892],[-5.56347,50.05964],[-5.57844,50.05476],[-5.61946,50.04621],[-5.66739,50.04287],[-5.70515,50.05231],[-5.71565,50.08271],[-5.70596,50.08348],[-5.6988,50.0854],[-5.69449,50.0895],[-5.69441,50.09577],[-5.69709,50.10053],[-5.70031,50.10322],[-5.70197,50.10318],[-5.70739,50.12202],[-5.70922,50.13264],[-5.70539,50.13727],[-5.70352,50.14061],[-5.68464,50.16153],[-5.67675,50.16503],[-5.64737,50.17207],[-5.58361,50.19587],[-5.54943,50.20352],[-5.51098,50.21947],[-5.48912,50.21979],[-5.45812,50.20075],[-5.43798,50.19432],[-5.41739,50.20246],[-5.40294,50.21735],[-5.39586,50.22724],[-5.39289,50.23656],[-5.38756,50.2403],[-5.35192,50.2403],[-5.31485,50.25361],[-5.20031,50.33076],[-5.16356,50.34724],[-5.14989,50.35017],[-5.14647,50.35529],[-5.14566,50.36689],[-5.14704,50.37938],[-5.15368,50.39948],[-5.1424,50.40449],[-5.12727,50.40522],[-5.11974,50.40477],[-5.05028,50.4287],[-5.04817,50.43439],[-5.03873,50.4479],[-5.02977,50.48676],[-5.02864,50.50703],[-5.02526,50.52424],[-5.01561,50.53803],[-4.99559,50.54816],[-4.97517,50.54816],[-4.96784,50.55158],[-4.95482,50.56123],[-4.94725,50.56245],[-4.94148,50.55695],[-4.93712,50.54532],[-4.93444,50.53164],[-4.93358,50.52025],[-4.92687,50.5229],[-4.92431,50.52448],[-4.92052,50.52766],[-4.90242,50.52058],[-4.86095,50.51919],[-4.84484,50.51407],[-4.85582,50.52741],[-4.87328,50.53408],[-4.90624,50.54198],[-4.92186,50.55488],[-4.92024,50.56415],[-4.91519,50.5725],[-4.92052,50.58295],[-4.92052,50.58918],[-4.89566,50.58592],[-4.8212,50.58918],[-4.79247,50.5952],[-4.7766,50.60985],[-4.76504,50.628],[-4.74926,50.64444],[-4.75544,50.65937],[-4.75194,50.67007],[-4.74193,50.67487],[-4.72814,50.67231],[-4.6573,50.71113],[-4.64558,50.72354],[-4.63781,50.74116],[-4.61901,50.75479],[-4.57726,50.77473],[-4.55012,50.80956],[-4.55492,50.89777],[-4.54377,50.9392],[-4.53685,50.94758],[-4.52269,50.97272],[-4.52668,50.98037],[-4.53043,50.9947],[-4.53132,51.00869],[-4.52644,51.01496],[-4.43733,51.01496],[-4.42642,51.01268],[-4.40575,51.00288],[-4.39574,51.00068],[-4.33772,50.99665],[-4.31729,51.00068],[-4.30232,51.00751],[-4.23473,51.05533],[-4.22916,51.0611],[-4.22468,51.06708],[-4.21849,51.07246],[-4.208,51.07636],[-4.21426,51.08601],[-4.22631,51.11323],[-4.2285,51.12043],[-4.23192,51.1267],[-4.24901,51.14289],[-4.25577,51.15152],[-4.22232,51.14973],[-4.21483,51.15152],[-4.20836,51.1623],[-4.20983,51.17284],[-4.21727,51.18138],[-4.2285,51.18623],[-4.2285,51.19245],[-4.15233,51.21162],[-3.96947,51.2224],[-3.932,51.23135],[-3.9132,51.23339],[-3.84089,51.23339],[-3.81896,51.23607],[-3.7871,51.24677],[-3.76915,51.24771],[-3.63976,51.22639],[-3.55932,51.2281],[-3.43419,51.20978],[-3.40437,51.19204],[-3.385,51.18623],[-3.27074,51.1894],[-3.19888,51.20356],[-3.16275,51.20673],[-3.09675,51.20454],[-3.05752,51.20816],[-3.02929,51.2204],[-3.02184,51.21357],[-3.03555,51.19929],[-3.02184,51.19245],[-3.00479,51.21312],[-3.00133,51.2204],[-2.99958,51.23322],[-3.00154,51.23969],[-3.00499,51.24506],[-3.00817,51.25454],[-3.00764,51.29198],[-3.01061,51.31098],[-3.02184,51.32282],[-3.00243,51.31908],[-2.99218,51.32193],[-2.9921,51.32205],[-2.98839,51.33112],[-2.98778,51.34667],[-2.97989,51.35586],[-2.96597,51.36494],[-2.95958,51.37425],[-2.97468,51.38422],[-2.95295,51.39851],[-2.92101,51.39444],[-2.88418,51.41698],[-2.8164,51.47362],[-2.79857,51.48261],[-2.78087,51.48908],[-2.76122,51.49287],[-2.73762,51.49409],[-2.71642,51.49958],[-2.69616,51.51264],[-2.60782,51.60737],[-2.5996,51.6114],[-2.58922,51.61424],[-2.58043,51.61864],[-2.57681,51.62751],[-2.57445,51.63573],[-2.56896,51.64497],[-2.56224,51.65339],[-2.55639,51.65925],[-2.49918,51.69676],[-2.465,51.7259],[-2.44774,51.73188],[-2.4049,51.74116],[-2.38854,51.75043],[-2.38077,51.76191],[-2.38337,51.77326],[-2.39806,51.78213],[-2.40241,51.76358],[-2.4204,51.75312],[-2.44343,51.74844],[-2.46329,51.7473],[-2.48209,51.74287],[-2.49584,51.732],[-2.50796,51.71857],[-2.52212,51.70637],[-2.58169,51.68171],[-2.59113,51.67536],[-2.60021,51.6656],[-2.66535,51.61726],[-2.69376,51.59618],[-2.71312,51.58662],[-2.76049,51.57978],[-2.79808,51.5635],[-2.8164,51.55557],[-2.85871,51.54613],[-2.94335,51.54255],[-2.95629,51.54572],[-2.9641,51.5528],[-2.96947,51.55988],[-2.97468,51.56297],[-2.98404,51.55854],[-3.01024,51.53803],[-3.0157,51.53164],[-3.07372,51.50837],[-3.07649,51.50776],[-3.08894,51.50507],[-3.10562,51.49722],[-3.1317,51.48041],[-3.13508,51.4763],[-3.14094,51.46479],[-3.14537,51.45995],[-3.15241,51.45718],[-3.16666,51.456],[-3.17239,51.45327],[-3.17272,51.45311],[-3.16006,51.43183],[-3.16714,51.41047],[-3.1848,51.39761],[-3.20401,51.4016],[-3.21886,51.40278],[-3.28942,51.38422],[-3.53917,51.39851],[-3.55744,51.4051],[-3.57531,51.42044],[-3.60473,51.44571],[-3.6632,51.47622],[-3.67699,51.47704],[-3.69542,51.4715],[-3.71793,51.47858],[-3.73762,51.49087],[-3.74804,51.50092],[-3.74942,51.50536],[-3.74767,51.50703],[-3.74454,51.50764],[-3.74185,51.50837],[-3.74934,51.52806],[-3.7519,51.53307],[-3.75894,51.54678],[-3.77013,51.5633],[-3.78222,51.57665],[-3.79027,51.58198],[-3.80773,51.58918],[-3.81696,51.5965],[-3.83267,51.61555],[-3.84162,51.62153],[-3.85489,51.62385],[-3.88679,51.62141],[-3.96239,51.61563],[-3.97663,51.61188],[-3.98998,51.60651],[-3.99877,51.60029],[-3.99991,51.59089],[-3.99226,51.58112],[-3.9818,51.5716],[-3.9746,51.56297],[-4.01618,51.56297],[-4.0161,51.56037],[-4.02082,51.55585],[-4.02652,51.55402],[-4.0292,51.55927],[-4.03197,51.56314],[-4.03856,51.56623],[-4.04646,51.56843],[-4.05313,51.56924],[-4.0563,51.56704],[-4.06558,51.55756],[-4.07022,51.55557],[-4.07681,51.55695],[-4.08727,51.56192],[-4.11213,51.56562],[-4.12165,51.56599],[-4.13219,51.56297],[-4.14273,51.55695],[-4.15681,51.54629],[-4.16641,51.54255],[-4.1765,51.54426],[-4.18773,51.54877],[-4.19677,51.54938],[-4.20055,51.53876],[-4.21337,51.53913],[-4.27245,51.55476],[-4.28991,51.55557],[-4.29332,51.55915],[-4.29515,51.56196],[-4.29735,51.56924],[-4.27831,51.57819],[-4.28083,51.58881],[-4.2897,51.60155],[-4.28991,51.61701],[-4.25577,51.62385],[-4.25202,51.6271],[-4.24128,51.63935],[-4.23473,51.64497],[-4.2285,51.63744],[-4.23473,51.63744],[-4.23473,51.63129],[-4.22785,51.62812],[-4.22102,51.62385],[-4.19009,51.63028],[-4.13903,51.63231],[-4.0913,51.63988],[-4.07022,51.6623],[-4.06981,51.66893],[-4.07038,51.6743],[-4.07055,51.67597],[-4.07543,51.6778],[-4.08727,51.66885],[-4.09545,51.66511],[-4.10684,51.66425],[-4.14635,51.66706],[-4.20055,51.68586],[-4.21495,51.67967],[-4.29369,51.67227],[-4.3153,51.67748],[-4.34236,51.69086],[-4.36644,51.70848],[-4.37926,51.72687],[-4.33804,51.72333],[-4.31998,51.72484],[-4.31045,51.73371],[-4.32873,51.73298],[-4.34716,51.73579],[-4.36254,51.74287],[-4.37182,51.75479],[-4.36876,51.75699],[-4.3629,51.76386],[-4.35802,51.77314],[-4.35822,51.78213],[-4.3651,51.78905],[-4.37149,51.78596],[-4.37926,51.7753],[-4.38492,51.77188],[-4.39297,51.76374],[-4.39916,51.76162],[-4.40933,51.76317],[-4.41788,51.76789],[-4.4265,51.7753],[-4.44579,51.77326],[-4.44933,51.7663],[-4.4414,51.75678],[-4.4265,51.7473],[-4.46076,51.73579],[-4.49889,51.73485],[-4.57421,51.74116],[-4.60342,51.73924],[-4.63923,51.73318],[-4.64537,51.73212],[-4.67821,51.71743],[-4.68029,51.69269],[-4.68944,51.6916],[-4.69164,51.68989],[-4.69164,51.68598],[-4.69396,51.67841],[-4.71231,51.65009],[-4.72142,51.65205],[-4.73493,51.65925],[-4.74185,51.65607],[-4.75919,51.64497],[-4.8483,51.64631],[-4.86351,51.64411],[-4.87898,51.63744],[-4.88781,51.62995],[-4.89574,51.62108],[-4.90477,51.61384],[-4.9237,51.60863],[-4.932,51.59903],[-4.94103,51.5965],[-4.94603,51.5976],[-4.95645,51.60277],[-5.0216,51.61603],[-5.04577,51.6269],[-5.03661,51.63744],[-5.05118,51.65693],[-5.10049,51.6647],[-5.11974,51.67841],[-5.11343,51.68529],[-5.03661,51.67841],[-5.03873,51.68183],[-5.04133,51.6894],[-5.04345,51.69269],[-5.02868,51.69294],[-5.00255,51.68741],[-4.98819,51.68586],[-4.9746,51.68793],[-4.94103,51.70014],[-4.89265,51.70637],[-4.86828,51.71678],[-4.85806,51.71833],[-4.84484,51.71381],[-4.84484,51.72004],[-4.8734,51.73774],[-4.87902,51.76203],[-4.86254,51.78238],[-4.82433,51.78828],[-4.82433,51.79572],[-4.83601,51.79072],[-4.86498,51.78327],[-4.92129,51.78002],[-4.93358,51.7753],[-4.91723,51.77534],[-4.90518,51.77119],[-4.90054,51.76211],[-4.90624,51.7473],[-4.89208,51.73941],[-4.89566,51.72818],[-4.91055,51.71821],[-4.98819,51.70686],[-5.00992,51.70637],[-5.14924,51.71809],[-5.1669,51.71381],[-5.15697,51.69758],[-5.16861,51.68891],[-5.18285,51.68928],[-5.18065,51.70014],[-5.18065,51.70637],[-5.23013,51.73005],[-5.2495,51.73371],[-5.22814,51.73395],[-5.21394,51.73575],[-5.20287,51.74079],[-5.19115,51.75104],[-5.17683,51.75967],[-5.14322,51.76386],[-5.12597,51.7685],[-5.11026,51.77851],[-5.10709,51.78807],[-5.11229,51.81318],[-5.11339,51.8288],[-5.1175,51.8437],[-5.12588,51.85602],[-5.13964,51.864],[-5.14647,51.85716],[-5.16438,51.86677],[-5.20376,51.87019],[-5.22159,51.87767],[-5.23583,51.87104],[-5.29141,51.864],[-5.31094,51.864],[-5.30427,51.86762],[-5.29735,51.87019],[-5.29735,51.87767],[-5.30069,51.88203],[-5.30256,51.88524],[-5.30016,51.88833],[-5.29052,51.892],[-5.29052,51.89814],[-5.29833,51.91096],[-5.28893,51.91694],[-5.25284,51.91865],[-5.2342,51.92304],[-5.20417,51.94229],[-5.19115,51.9466],[-5.16039,51.94945],[-5.11954,51.95893],[-5.08804,51.97602],[-5.08525,52],[-6.5,52],[-6.5,43.55291],[-6.49966,43.55309],[-6.48827,43.55512],[-6.46296,43.55496],[-6.46475,43.55968],[-6.46727,43.57087],[-6.46911,43.57539],[-6.45531,43.57335],[-6.43179,43.56342],[-6.41763,43.56114],[-6.36612,43.56863],[-6.3146,43.56863],[-6.30004,43.57062],[-6.27391,43.57962],[-6.24999,43.58405],[-6.24389,43.5893],[-6.2364,43.59431],[-6.22277,43.59589],[-6.19099,43.57856],[-6.17805,43.57539],[-6.10041,43.5692],[-6.08495,43.57539],[-6.06916,43.56969],[-6.05419,43.57457],[-6.03921,43.58312],[-6.02351,43.58845],[-5.90738,43.58845],[-5.90217,43.59752],[-5.90884,43.60493],[-5.91307,43.61286],[-5.90062,43.62324],[-5.90258,43.62649],[-5.90534,43.63382],[-5.90738,43.63683],[-5.87515,43.63679],[-5.86351,43.64143],[-5.85904,43.65363],[-5.8522,43.66295],[-5.83633,43.66222],[-5.80382,43.6505],[-5.78234,43.63703],[-5.72741,43.58955],[-5.70885,43.56863],[-5.70197,43.56863],[-5.69677,43.58283],[-5.6892,43.57856],[-5.67748,43.56114],[-5.6256,43.55496],[-5.42422,43.56114],[-5.39387,43.55524],[-5.39074,43.54133],[-5.40355,43.52542],[-5.42081,43.51337],[-5.41393,43.50654],[-5.40368,43.51109],[-5.38264,43.51638],[-5.37243,43.52021],[-5.3651,43.52672],[-5.36221,43.53339],[-5.3568,43.5386],[-5.34195,43.54064],[-5.29987,43.53767],[-5.28401,43.53347],[-5.2119,43.49836],[-5.17789,43.48937],[-5.09166,43.48627],[-5.0677,43.48139],[-5.05704,43.46861],[-5.04503,43.47431],[-4.97517,43.45877],[-4.96711,43.46088],[-4.95254,43.47008],[-4.94103,43.47175],[-4.93025,43.46951],[-4.90762,43.46064],[-4.83654,43.44977],[-4.75499,43.42166],[-4.73493,43.4171],[-4.51232,43.40274],[-4.50817,43.40245],[-4.48168,43.38361],[-4.4608,43.39871],[-4.43252,43.40262],[-4.4049,43.397],[-4.38557,43.38361],[-4.37926,43.38361],[-4.36876,43.39619],[-4.35936,43.39969],[-4.31281,43.39578],[-4.18859,43.40538],[-4.16096,43.42117],[-4.09773,43.43561],[-4.07396,43.43826],[-4.0292,43.43826],[-4.02343,43.44095],[-4.02257,43.44575],[-4.0209,43.45039],[-4.01277,43.4525],[-4.00569,43.45079],[-3.98143,43.43826],[-3.97647,43.44294],[-3.97199,43.44416],[-3.96715,43.4442],[-3.96101,43.4451],[-3.96544,43.44685],[-3.9746,43.4525],[-3.9746,43.45877],[-3.94005,43.47712],[-3.92272,43.48261],[-3.90632,43.47919],[-3.89379,43.48489],[-3.89086,43.48371],[-3.88585,43.47919],[-3.8568,43.49238],[-3.82673,43.49702],[-3.79703,43.49274],[-3.76915,43.47919],[-3.81265,43.46487],[-3.83096,43.456],[-3.84431,43.4451],[-3.83385,43.4359],[-3.82925,43.43313],[-3.82384,43.43077],[-3.82726,43.43004],[-3.82999,43.43012],[-3.83153,43.42906],[-3.83129,43.42459],[-3.82022,43.42426],[-3.81119,43.42548],[-3.7965,43.43077],[-3.78954,43.43586],[-3.77619,43.44965],[-3.77229,43.4525],[-3.7635,43.45026],[-3.75414,43.4405],[-3.74498,43.43826],[-3.74071,43.44233],[-3.74303,43.45136],[-3.74889,43.46072],[-3.75552,43.46552],[-3.75552,43.47175],[-3.74153,43.47024],[-3.73575,43.46882],[-3.72887,43.46552],[-3.72716,43.47053],[-3.72582,43.47053],[-3.72142,43.47175],[-3.72887,43.47919],[-3.71793,43.48273],[-3.68838,43.48424],[-3.67699,43.48945],[-3.66706,43.49665],[-3.65608,43.50068],[-3.57942,43.51826],[-3.55435,43.51691],[-3.55626,43.4997],[-3.53905,43.49897],[-3.52562,43.49165],[-3.51472,43.48322],[-3.50536,43.47919],[-3.43663,43.47049],[-3.43151,43.46686],[-3.42829,43.46174],[-3.42715,43.45563],[-3.42862,43.44685],[-3.43261,43.44542],[-3.43887,43.44656],[-3.44701,43.4451],[-3.45116,43.4477],[-3.4606,43.45222],[-3.47004,43.45417],[-3.47435,43.4488],[-3.47777,43.44306],[-3.48583,43.43757],[-3.5017,43.43077],[-3.4818,43.42805],[-3.47045,43.41678],[-3.46109,43.41246],[-3.44701,43.43077],[-3.43619,43.41901],[-3.42223,43.41808],[-3.39249,43.42459],[-3.37804,43.42255],[-3.33031,43.41035],[-3.26895,43.40412],[-3.22354,43.39163],[-3.21052,43.38984],[-3.20002,43.38553],[-3.17691,43.36624],[-3.15087,43.36022],[-3.1315,43.35578],[-3.11237,43.35407],[-3.08951,43.36689],[-3.05785,43.35236],[-3.00817,43.32091],[-3.00817,43.32844],[-3.02001,43.35257],[-3.02343,43.36494],[-3.02929,43.37214],[-3.02929,43.37617],[-3.02432,43.38093],[-3.01098,43.38414],[-2.99942,43.39436],[-2.95592,43.41385],[-2.93993,43.4171],[-2.93993,43.42459],[-2.94668,43.42459],[-2.94668,43.43077],[-2.93008,43.43793],[-2.90526,43.43989],[-2.85424,43.43826],[-2.807,43.44168],[-2.78596,43.44786],[-2.76862,43.4525],[-2.75585,43.45026],[-2.73493,43.43879],[-2.7152,43.42451],[-2.70653,43.41368],[-2.69494,43.38862],[-2.69103,43.36754],[-2.687,43.37145],[-2.67927,43.38984],[-2.67846,43.39464],[-2.67878,43.40058],[-2.6778,43.4062],[-2.67296,43.41035],[-2.6612,43.41193],[-2.64932,43.40953],[-2.63809,43.40595],[-2.60692,43.40188],[-2.5489,43.38361],[-2.50601,43.37714],[-2.48351,43.37063],[-2.46443,43.34923],[-2.36742,43.3157],[-2.32706,43.30683],[-2.28466,43.30349],[-2.24112,43.30724],[-2.20787,43.31399],[-2.19628,43.31477],[-2.19042,43.31159],[-2.18346,43.30451],[-2.17447,43.29743],[-2.16222,43.29426],[-2.15958,43.29536],[-2.15632,43.29768],[-2.15152,43.29999],[-2.14485,43.30109],[-2.14005,43.2989],[-2.13781,43.29422],[-2.13484,43.28958],[-2.1278,43.28742],[-2.09887,43.30415],[-2.08641,43.30724],[-2.06554,43.3096],[-1.99462,43.32844],[-1.97179,43.33922],[-1.96036,43.34309],[-1.94563,43.34264],[-1.9337,43.33564],[-1.92658,43.32587],[-1.91869,43.32099],[-1.90465,43.32844],[-1.91023,43.33137],[-1.91885,43.33857],[-1.92569,43.34264],[-1.88492,43.35602],[-1.8474,43.38093],[-1.81127,43.39509],[-1.79137,43.38459],[-1.79076,43.38426],[-1.7755,43.37617],[-1.76797,43.38361],[-1.74962,43.38923],[-1.661,43.39969],[-1.63781,43.42377],[-1.61547,43.43256],[-1.59675,43.44253],[-1.58804,43.45116],[-1.5664,43.48216],[-1.56208,43.49339],[-1.55333,43.50137],[-1.51399,43.53864],[-1.50634,43.55012],[-1.47688,43.58006],[-1.47004,43.61152],[-1.44595,43.66844],[-1.40494,43.83234],[-1.38117,43.88959],[-1.34759,44.01366],[-1.3461,44.01919],[-1.28156,44.30219],[-1.25414,44.44245],[-1.2473,44.50454],[-1.24975,44.51923],[-1.25829,44.54755],[-1.25723,44.55606],[-1.23078,44.58356],[-1.22688,44.58991],[-1.22419,44.602],[-1.20629,44.6479],[-1.18651,44.66547],[-1.16145,44.66616],[-1.10021,44.65534],[-1.06501,44.65913],[-1.04475,44.66942],[-1.04442,44.68464],[-1.06916,44.70319],[-1.05549,44.70319],[-1.0653,44.71748],[-1.14086,44.76813],[-1.15172,44.77143],[-1.1564,44.77342],[-1.16063,44.77652],[-1.16535,44.77871],[-1.17223,44.77827],[-1.1765,44.77521],[-1.17846,44.7709],[-1.17976,44.76691],[-1.18212,44.7652],[-1.18859,44.75585],[-1.23363,44.70686],[-1.24494,44.66275],[-1.25381,44.63866],[-1.26036,44.62743],[-1.19945,45.12084],[-1.15787,45.27912],[-1.13996,45.49006],[-1.1337,45.50483],[-1.0996,45.55353],[-1.08528,45.56904],[-1.06916,45.57331],[-1.05858,45.56965],[-1.05622,45.56513],[-1.05675,45.5576],[-1.05736,45.54633],[-1.06017,45.54304],[-1.06233,45.53775],[-1.06233,45.53242],[-1.05923,45.52705],[-1.04869,45.51504],[-1.03995,45.50727],[-0.97297,45.47053],[-0.93078,45.4538],[-0.91527,45.45043],[-0.79418,45.35541],[-0.76618,45.32608],[-0.75451,45.29589],[-0.75194,45.27595],[-0.73868,45.23872],[-0.72004,45.14594],[-0.71597,45.13451],[-0.6822,45.07648],[-0.64818,45.04491],[-0.60985,45.01846],[-0.57779,45.00507],[-0.56896,44.99799],[-0.5607,44.98542],[-0.55919,44.97614],[-0.56208,44.96015],[-0.56086,44.93928],[-0.55651,44.91852],[-0.54817,44.90229],[-0.53466,44.89497],[-0.53865,44.90876],[-0.54239,44.9372],[-0.54845,44.94953],[-0.53897,44.97651],[-0.55036,44.9982],[-0.57258,45.01431],[-0.59618,45.02464],[-0.5653,45.02359],[-0.53942,45.01952],[-0.51643,45.01138],[-0.49376,44.99799],[-0.51895,45.02945],[-0.55875,45.04344],[-0.60216,45.05345],[-0.63777,45.07307],[-0.65599,45.09911],[-0.66869,45.13081],[-0.70665,45.32241],[-0.71972,45.36107],[-0.75304,45.42406],[-0.7731,45.45209],[-0.79548,45.47712],[-0.84179,45.51455],[-0.98351,45.58698],[-0.98689,45.59125],[-0.99087,45.61005],[-0.99722,45.61433],[-1.03026,45.62287],[-1.08381,45.66039],[-1.11392,45.66893],[-1.1328,45.6717],[-1.14932,45.6789],[-1.16344,45.68895],[-1.17561,45.70026],[-1.1942,45.71019],[-1.22936,45.70478],[-1.2473,45.70991],[-1.23013,45.77961],[-1.23029,45.79243],[-1.16381,45.80671],[-1.14428,45.8061],[-1.08056,45.7534],[-1.06916,45.74811],[-1.05724,45.74022],[-0.98717,45.71735],[-1.00963,45.73518],[-1.09948,45.78604],[-1.12536,45.80769],[-1.13069,45.81672],[-1.13215,45.82832],[-1.13659,45.84325],[-1.14322,45.85773],[-1.15172,45.86815],[-1.14061,45.8723],[-1.13366,45.87824],[-1.12853,45.88422],[-1.12377,45.88866],[-1.11254,45.89566],[-1.09703,45.90229],[-1.08776,45.90323],[-1.07974,45.902],[-1.07335,45.90436],[-1.06916,45.91596],[-1.07042,45.92634],[-1.07632,45.93671],[-1.08348,45.94538],[-1.08975,45.95075],[-1.08422,45.95393],[-1.07421,45.96158],[-1.06916,45.96434],[-1.08556,45.97199],[-1.09659,45.98542],[-1.11075,46.01838],[-1.08975,46.00821],[-1.07299,46.00747],[-1.05972,46.01577],[-1.04869,46.03266],[-1.04869,46.0388],[-1.05289,46.04328],[-1.05858,46.04792],[-1.06517,46.05158],[-1.08422,46.05655],[-1.08776,46.06468],[-1.08873,46.07477],[-1.09602,46.08837],[-1.09569,46.09772],[-1.09703,46.10155],[-1.10074,46.1031],[-1.1136,46.10615],[-1.11701,46.10782],[-1.12295,46.11249],[-1.12902,46.11579],[-1.1289,46.12006],[-1.11701,46.12824],[-1.14037,46.14057],[-1.14802,46.14191],[-1.15209,46.14387],[-1.15184,46.14842],[-1.15054,46.15327],[-1.15172,46.1562],[-1.15709,46.15697],[-1.17223,46.1562],[-1.18261,46.15839],[-1.19164,46.15795],[-1.20018,46.15913],[-1.20971,46.16616],[-1.2108,46.17455],[-1.20442,46.18431],[-1.19449,46.19278],[-1.18517,46.19717],[-1.19054,46.2163],[-1.1796,46.22948],[-1.11075,46.25922],[-1.10265,46.27196],[-1.1035,46.28002],[-1.10802,46.28852],[-1.11075,46.30268],[-1.13248,46.32412],[-1.17723,46.32616],[-1.21434,46.3107],[-1.21321,46.27912],[-1.2401,46.28425],[-1.25918,46.30044],[-1.27741,46.31953],[-1.29337,46.32266],[-1.30346,46.32388],[-1.33422,46.33674],[-1.35684,46.35033],[-1.37023,46.35419],[-1.42333,46.34248],[-1.44872,46.34341],[-1.45958,46.36473],[-1.46548,46.38996],[-1.48143,46.40819],[-1.50446,46.41934],[-1.53189,46.42308],[-1.59878,46.42504],[-1.62564,46.43114],[-1.61718,46.44355],[-1.63345,46.45429],[-1.68676,46.46088],[-1.72029,46.48127],[-1.74861,46.48656],[-1.76114,46.49201],[-1.76842,46.50023],[-1.77965,46.52212],[-1.78917,46.53295],[-1.78889,46.52045],[-1.78307,46.50414],[-1.78173,46.49543],[-1.786,46.49095],[-1.7954,46.49453],[-1.8048,46.50361],[-1.82706,46.57697],[-1.82266,46.59439],[-1.83869,46.59907],[-1.84659,46.61026],[-1.85123,46.62373],[-1.85741,46.63532],[-1.87243,46.64741],[-1.88781,46.65656],[-1.89977,46.66625],[-1.9099,46.6918],[-1.92317,46.69916],[-1.94001,46.70307],[-1.95645,46.70429],[-1.965,46.7104],[-1.99462,46.75202],[-2.05028,46.79206],[-2.08129,46.80736],[-2.10717,46.81346],[-2.11876,46.81997],[-2.12609,46.8356],[-2.13003,46.85468],[-2.13126,46.87181],[-2.12877,46.89346],[-2.12198,46.90371],[-2.09634,46.91649],[-2.10216,46.93065],[-2.08747,46.94123],[-2.04922,46.95747],[-2.03702,46.97256],[-2.02017,47.00861],[-2.00829,47.02635],[-1.99071,47.03539],[-1.99258,47.05231],[-2.00377,47.07001],[-2.01456,47.08161],[-2.03002,47.09211],[-2.09016,47.11518],[-2.20547,47.1291],[-2.24112,47.14248],[-2.22785,47.14863],[-2.21703,47.1555],[-2.20539,47.1612],[-2.17284,47.16437],[-2.16519,47.16787],[-2.1621,47.17601],[-2.15909,47.19086],[-2.15868,47.2045],[-2.1693,47.22016],[-2.17211,47.23526],[-2.17089,47.24632],[-2.16698,47.25922],[-2.16055,47.27119],[-2.15168,47.27969],[-2.12767,47.28681],[-2.03563,47.29328],[-2.02872,47.29694],[-2.02196,47.29926],[-2.01456,47.30012],[-2.00658,47.29328],[-1.99913,47.28856],[-1.94786,47.27936],[-1.93248,47.27969],[-1.93936,47.28644],[-1.9278,47.28632],[-1.91706,47.28417],[-1.90734,47.27993],[-1.89843,47.27342],[-1.91885,47.27342],[-1.91885,47.26602],[-1.87784,47.24551],[-1.83625,47.23994],[-1.82608,47.23526],[-1.80394,47.21898],[-1.78099,47.21198],[-1.72704,47.21076],[-1.74722,47.21992],[-1.78824,47.22557],[-1.80565,47.23526],[-1.83593,47.25975],[-1.87116,47.27969],[-1.90563,47.29393],[-1.92569,47.29849],[-1.94929,47.30012],[-1.95816,47.3024],[-1.97216,47.31216],[-2.01012,47.31973],[-2.1481,47.31322],[-2.17955,47.30012],[-2.18659,47.29271],[-2.19058,47.2862],[-2.19595,47.27993],[-2.20629,47.27342],[-2.23607,47.26748],[-2.25943,47.25161],[-2.27839,47.24641],[-2.29808,47.24665],[-2.31607,47.25165],[-2.33096,47.26081],[-2.35534,47.2801],[-2.37141,47.28644],[-2.38809,47.28791],[-2.39745,47.28758],[-2.4049,47.28644],[-2.41283,47.28172],[-2.41657,47.27497],[-2.41812,47.26887],[-2.41918,47.26602],[-2.44839,47.26659],[-2.54198,47.30012],[-2.54198,47.30695],[-2.51903,47.30463],[-2.47606,47.29068],[-2.45336,47.29328],[-2.43619,47.30703],[-2.44538,47.32038],[-2.46544,47.33381],[-2.48062,47.34789],[-2.48794,47.3454],[-2.49128,47.3439],[-2.49425,47.34174],[-2.48937,47.33442],[-2.48892,47.33039],[-2.49425,47.32062],[-2.5017,47.32062],[-2.50333,47.3496],[-2.5148,47.36494],[-2.55639,47.38325],[-2.4768,47.41568],[-2.46613,47.41523],[-2.4558,47.41218],[-2.43904,47.40998],[-2.44103,47.40445],[-2.44221,47.40436],[-2.4464,47.40253],[-2.43904,47.39631],[-2.42943,47.40388],[-2.39501,47.41698],[-2.39183,47.42365],[-2.40713,47.42573],[-2.43175,47.42617],[-2.44815,47.43061],[-2.43904,47.44477],[-2.45531,47.45222],[-2.47619,47.45376],[-2.48892,47.45917],[-2.48062,47.47822],[-2.49474,47.4912],[-2.48363,47.49795],[-2.42121,47.50023],[-2.38467,47.50715],[-2.36392,47.50617],[-2.38012,47.50922],[-2.40705,47.50605],[-2.42536,47.50617],[-2.5017,47.52668],[-2.51749,47.52839],[-2.53051,47.52725],[-2.56322,47.51984],[-2.6007,47.51984],[-2.60985,47.51773],[-2.61559,47.51415],[-2.62169,47.51341],[-2.63199,47.51984],[-2.61693,47.52172],[-2.59935,47.52912],[-2.58446,47.54047],[-2.57681,47.55394],[-2.59227,47.54365],[-2.60643,47.54206],[-2.6212,47.54304],[-2.63825,47.54027],[-2.63012,47.53913],[-2.62393,47.53718],[-2.61994,47.53339],[-2.61779,47.52668],[-2.64306,47.52644],[-2.65477,47.52831],[-2.66552,47.53352],[-2.6671,47.50959],[-2.68073,47.50422],[-2.71402,47.5124],[-2.7307,47.51162],[-2.78279,47.49942],[-2.80215,47.49811],[-2.81713,47.49921],[-2.83019,47.50361],[-2.84366,47.5124],[-2.84569,47.51618],[-2.86107,47.53583],[-2.86482,47.53685],[-2.86897,47.54218],[-2.87853,47.54532],[-2.88988,47.54662],[-2.89293,47.54768],[-2.89151,47.54906],[-2.89208,47.55394],[-2.90925,47.55842],[-2.89257,47.5666],[-2.8653,47.56664],[-2.85057,47.54654],[-2.84366,47.54654],[-2.83812,47.55183],[-2.83243,47.55402],[-2.82543,47.55248],[-2.8164,47.54654],[-2.8153,47.55297],[-2.80956,47.56761],[-2.79402,47.55512],[-2.76867,47.54955],[-2.74144,47.55134],[-2.7202,47.56078],[-2.72765,47.56761],[-2.68863,47.6044],[-2.68399,47.62299],[-2.70653,47.64273],[-2.70653,47.63654],[-2.69693,47.62979],[-2.69563,47.62336],[-2.70157,47.61835],[-2.71402,47.61603],[-2.69978,47.6092],[-2.70425,47.60444],[-2.70861,47.60228],[-2.7202,47.60175],[-2.72533,47.60737],[-2.77538,47.6291],[-2.75446,47.62702],[-2.73449,47.62226],[-2.74633,47.63386],[-2.75821,47.63907],[-2.78913,47.64273],[-2.77538,47.63654],[-2.79605,47.62987],[-2.84773,47.62617],[-2.85798,47.61913],[-2.86677,47.60716],[-2.88638,47.60102],[-2.91942,47.59553],[-2.91942,47.60175],[-2.91267,47.60175],[-2.91267,47.6092],[-2.92569,47.60765],[-2.92882,47.60602],[-2.93309,47.60175],[-2.93993,47.60175],[-2.94376,47.61396],[-2.94481,47.62409],[-2.94164,47.63182],[-2.93309,47.63654],[-2.9475,47.63691],[-2.958,47.64216],[-2.96459,47.65144],[-2.96719,47.6638],[-2.97468,47.6638],[-2.9733,47.65599],[-2.96858,47.6435],[-2.96719,47.63654],[-2.96719,47.61262],[-2.96361,47.60261],[-2.9547,47.59154],[-2.94351,47.58149],[-2.93309,47.57445],[-2.93562,47.56757],[-2.93724,47.56468],[-2.93993,47.56078],[-2.94262,47.5644],[-2.95295,47.57445],[-2.96129,47.57054],[-2.97029,47.57697],[-2.98095,47.58735],[-2.9945,47.59553],[-2.9886,47.58226],[-2.99421,47.57608],[-3.00341,47.57868],[-3.00817,47.59178],[-3.01179,47.60716],[-3.01822,47.60566],[-3.02172,47.59455],[-3.0157,47.58124],[-3.02994,47.58194],[-3.0358,47.58332],[-3.04239,47.58808],[-3.07384,47.57648],[-3.08975,47.57551],[-3.10375,47.58124],[-3.09732,47.58405],[-3.09073,47.58808],[-3.10045,47.59418],[-3.11205,47.59919],[-3.12328,47.59878],[-3.1317,47.58808],[-3.12719,47.58662],[-3.12295,47.58324],[-3.11803,47.58124],[-3.1289,47.54759],[-3.12328,47.51899],[-3.10676,47.4958],[-3.08454,47.47822],[-3.09813,47.47871],[-3.11913,47.48261],[-3.12548,47.47822],[-3.1317,47.47822],[-3.14379,47.50703],[-3.14537,47.5161],[-3.14322,47.52705],[-3.13386,47.54393],[-3.1317,47.55744],[-3.13418,47.58076],[-3.14118,47.59805],[-3.15217,47.61123],[-3.16649,47.62226],[-3.17601,47.62637],[-3.18724,47.62958],[-3.19668,47.63349],[-3.20059,47.63959],[-3.19839,47.65257],[-3.18635,47.68061],[-3.11119,47.70417],[-3.11506,47.70942],[-3.11718,47.71503],[-3.11803,47.72215],[-3.11803,47.73212],[-3.12279,47.72993],[-3.13451,47.72679],[-3.13915,47.72468],[-3.13976,47.7458],[-3.13915,47.75259],[-3.14537,47.75259],[-3.15319,47.74201],[-3.16393,47.74388],[-3.17736,47.74852],[-3.19319,47.74641],[-3.17919,47.74274],[-3.16967,47.73542],[-3.16332,47.72476],[-3.15909,47.71101],[-3.16405,47.71027],[-3.16503,47.70954],[-3.16503,47.70791],[-3.16649,47.70417],[-3.17837,47.71003],[-3.18537,47.70637],[-3.19323,47.69994],[-3.20739,47.69733],[-3.20352,47.69432],[-3.19319,47.68374],[-3.20714,47.67915],[-3.2119,47.66983],[-3.21508,47.66059],[-3.22419,47.6564],[-3.2316,47.66035],[-3.26207,47.68374],[-3.28759,47.68867],[-3.33153,47.69672],[-3.35827,47.69733],[-3.3402,47.7023],[-3.32242,47.701],[-3.28262,47.69115],[-3.28262,47.69733],[-3.29845,47.70384],[-3.31627,47.70808],[-3.35827,47.71101],[-3.35827,47.71845],[-3.34935,47.71906],[-3.34512,47.72126],[-3.34398,47.72626],[-3.34398,47.73554],[-3.34057,47.73949],[-3.32356,47.73774],[-3.31729,47.73896],[-3.30443,47.76114],[-3.2954,47.77302],[-3.28262,47.77993],[-3.28262,47.78734],[-3.30435,47.77009],[-3.33178,47.75251],[-3.36217,47.74042],[-3.38317,47.73705],[-3.37548,47.73404],[-3.36925,47.7298],[-3.36449,47.72468],[-3.36449,47.71845],[-3.44644,47.70458],[-3.46068,47.70759],[-3.465,47.71304],[-3.49486,47.73896],[-3.50918,47.75943],[-3.52025,47.76813],[-3.52448,47.77245],[-3.52831,47.77993],[-3.5393,47.77375],[-3.55565,47.77399],[-3.59097,47.77993],[-3.61685,47.77912],[-3.62515,47.77993],[-3.63305,47.78303],[-3.6444,47.79173],[-3.64904,47.79361],[-3.68692,47.7923],[-3.70617,47.79694],[-3.71459,47.81061],[-3.72321,47.81338],[-3.77538,47.79361],[-3.78991,47.80321],[-3.81119,47.80292],[-3.83357,47.79975],[-3.85171,47.80101],[-3.8531,47.80435],[-3.87222,47.82832],[-3.87922,47.83356],[-3.88646,47.83747],[-3.88996,47.84345],[-3.88585,47.85505],[-3.89452,47.85529],[-3.90079,47.85712],[-3.9132,47.86245],[-3.91633,47.87336],[-3.93513,47.88789],[-3.96182,47.89997],[-3.98827,47.90347],[-3.97924,47.883],[-3.98648,47.86791],[-4.0089,47.85126],[-4.0292,47.85505],[-4.01915,47.85448],[-4.01122,47.85594],[-4.00544,47.8605],[-4.00194,47.86929],[-4.01407,47.86628],[-4.02404,47.86595],[-4.03156,47.86372],[-4.03669,47.85505],[-4.06493,47.8708],[-4.07824,47.87442],[-4.09439,47.87547],[-4.10656,47.88011],[-4.11929,47.89191],[-4.12914,47.90762],[-4.13219,47.9239],[-4.14273,47.91201],[-4.13683,47.89692],[-4.12336,47.88325],[-4.1112,47.87547],[-4.1112,47.86929],[-4.12377,47.8686],[-4.13362,47.8662],[-4.14265,47.86176],[-4.15274,47.85505],[-4.17162,47.87702],[-4.18562,47.87442],[-4.18847,47.86213],[-4.1739,47.85505],[-4.17667,47.85126],[-4.18004,47.84821],[-4.18004,47.84199],[-4.15274,47.84199],[-4.15274,47.83446],[-4.18521,47.81338],[-4.20055,47.8072],[-4.22517,47.80244],[-4.37182,47.8072],[-4.37125,47.81477],[-4.37344,47.82868],[-4.37182,47.83446],[-4.36547,47.8371],[-4.35607,47.83706],[-4.34765,47.83832],[-4.34386,47.84512],[-4.34732,47.86294],[-4.36221,47.88858],[-4.37198,47.91584],[-4.38695,47.93407],[-4.43464,47.97565],[-4.52326,48.02269],[-4.53327,48.02631],[-4.5467,48.02074],[-4.55899,48.01069],[-4.57201,48.00593],[-4.60196,48.02558],[-4.61921,48.02766],[-4.65298,48.02631],[-4.72814,48.0406],[-4.72151,48.04414],[-4.71646,48.05024],[-4.71227,48.05659],[-4.70621,48.06391],[-4.70556,48.06745],[-4.70425,48.07123],[-4.70079,48.07477],[-4.69742,48.0749],[-4.68952,48.06883],[-4.6837,48.06733],[-4.36193,48.11571],[-4.30476,48.10407],[-4.28991,48.10822],[-4.28539,48.11538],[-4.27571,48.14362],[-4.28018,48.15493],[-4.29434,48.16706],[-4.29735,48.17406],[-4.30236,48.19636],[-4.31583,48.20551],[-4.35822,48.21186],[-4.36612,48.21516],[-4.37243,48.22004],[-4.37686,48.22598],[-4.37926,48.23237],[-4.40437,48.22614],[-4.45763,48.24897],[-4.48546,48.24262],[-4.49999,48.22492],[-4.51399,48.20209],[-4.53165,48.18309],[-4.55748,48.17719],[-4.54874,48.19843],[-4.54377,48.20506],[-4.55504,48.21654],[-4.56119,48.22504],[-4.56363,48.23237],[-4.55867,48.24421],[-4.55093,48.2486],[-4.54719,48.25259],[-4.55407,48.26276],[-4.56627,48.26488],[-4.62633,48.26655],[-4.62369,48.27705],[-4.62633,48.28706],[-4.61539,48.29108],[-4.60709,48.2906],[-4.59879,48.2884],[-4.58788,48.28706],[-4.57518,48.29003],[-4.57291,48.29682],[-4.57551,48.30386],[-4.57726,48.30752],[-4.55948,48.33869],[-4.5467,48.34683],[-4.53014,48.34162],[-4.5432,48.30467],[-4.51553,48.29584],[-4.4265,48.30004],[-4.41637,48.29662],[-4.40966,48.2923],[-4.40197,48.28856],[-4.38899,48.28706],[-4.37686,48.28779],[-4.3297,48.29702],[-4.2626,48.30004],[-4.26895,48.29584],[-4.27522,48.29401],[-4.28991,48.29385],[-4.26936,48.2884],[-4.18749,48.30004],[-4.18749,48.30752],[-4.21882,48.30606],[-4.23054,48.30988],[-4.23473,48.32172],[-4.24397,48.31391],[-4.25772,48.31135],[-4.27017,48.31468],[-4.27571,48.32486],[-4.28197,48.32368],[-4.3247,48.32172],[-4.31631,48.3308],[-4.31208,48.33308],[-4.30362,48.3354],[-4.30313,48.33959],[-4.29849,48.34382],[-4.28869,48.34854],[-4.2694,48.36274],[-4.28629,48.36254],[-4.30899,48.35155],[-4.3247,48.34846],[-4.3247,48.35529],[-4.31729,48.35529],[-4.31729,48.36274],[-4.3247,48.36274],[-4.32779,48.35786],[-4.33405,48.35273],[-4.33772,48.34846],[-4.35261,48.35273],[-4.38419,48.33812],[-4.40661,48.3354],[-4.4038,48.33918],[-4.40282,48.33959],[-4.39916,48.34162],[-4.40661,48.34846],[-4.41503,48.34292],[-4.4265,48.33885],[-4.43993,48.33637],[-4.45373,48.3354],[-4.45373,48.34162],[-4.3966,48.38776],[-4.38557,48.39374],[-4.28991,48.43159],[-4.30773,48.42805],[-4.33902,48.41608],[-4.35896,48.41112],[-4.4265,48.40371],[-4.45751,48.39484],[-4.52062,48.36831],[-4.56957,48.3603],[-4.59935,48.35017],[-4.61889,48.34846],[-4.63634,48.35114],[-4.67113,48.36058],[-4.69054,48.36274],[-4.69408,48.35944],[-4.69408,48.3522],[-4.69567,48.34496],[-4.7045,48.34162],[-4.75499,48.34199],[-4.76838,48.3454],[-4.77717,48.35562],[-4.78335,48.37641],[-4.76476,48.37763],[-4.76635,48.39045],[-4.78335,48.41739],[-4.7849,48.43618],[-4.77986,48.4549],[-4.76806,48.46866],[-4.74926,48.4726],[-4.74926,48.47883],[-4.77465,48.49128],[-4.76456,48.52021],[-4.7399,48.55073],[-4.72199,48.56818],[-4.71158,48.56367],[-4.70079,48.56074],[-4.70824,48.56818],[-4.69229,48.57551],[-4.67345,48.57958],[-4.64249,48.58186],[-4.62304,48.57819],[-4.58983,48.56574],[-4.57726,48.56818],[-4.60049,48.58934],[-4.60774,48.60301],[-4.59463,48.60912],[-4.54882,48.60122],[-4.53014,48.60171],[-4.55748,48.60912],[-4.55443,48.61323],[-4.5526,48.61652],[-4.5548,48.6197],[-4.56363,48.62344],[-4.56363,48.62963],[-4.48546,48.62963],[-4.46288,48.63231],[-4.4298,48.64281],[-4.40661,48.64326],[-4.4204,48.64887],[-4.4265,48.65009],[-4.4265,48.65754],[-4.39806,48.66096],[-4.37023,48.67182],[-4.34325,48.67886],[-4.31729,48.67805],[-4.29914,48.66364],[-4.30651,48.64155],[-4.28311,48.64326],[-4.25259,48.65546],[-4.24205,48.65754],[-4.22981,48.65595],[-4.20714,48.64997],[-4.19376,48.65009],[-4.19376,48.65754],[-4.213,48.6612],[-4.20775,48.67137],[-4.19058,48.68305],[-4.1739,48.69111],[-4.15465,48.69623],[-4.13146,48.69916],[-4.10871,48.69815],[-4.09069,48.69111],[-4.08479,48.69717],[-4.07925,48.69693],[-4.07433,48.69229],[-4.07022,48.68488],[-4.06404,48.68488],[-4.05736,48.6896],[-4.05329,48.69554],[-4.05264,48.70307],[-4.05655,48.71214],[-4.04271,48.71394],[-4.03051,48.71703],[-4.00935,48.72582],[-3.97399,48.73282],[-3.96776,48.72956],[-3.97029,48.72004],[-3.97387,48.7128],[-3.97273,48.70771],[-3.96101,48.70474],[-3.96101,48.69855],[-3.96776,48.69855],[-3.96776,48.69111],[-3.95775,48.68684],[-3.95104,48.67939],[-3.94953,48.66934],[-3.95474,48.65754],[-3.92658,48.67617],[-3.91194,48.68122],[-3.892,48.67805],[-3.90197,48.67202],[-3.90632,48.6706],[-3.90632,48.66437],[-3.89419,48.65355],[-3.86465,48.64102],[-3.85171,48.62963],[-3.84431,48.63646],[-3.85171,48.64326],[-3.84431,48.65009],[-3.84895,48.65632],[-3.85245,48.66454],[-3.8579,48.68488],[-3.85171,48.68488],[-3.8485,48.67902],[-3.84545,48.67601],[-3.83747,48.6706],[-3.84008,48.68806],[-3.83715,48.70726],[-3.82925,48.71845],[-3.81696,48.71214],[-3.81265,48.71674],[-3.81045,48.7215],[-3.8098,48.72696],[-3.81013,48.73322],[-3.79711,48.72118],[-3.77843,48.71735],[-3.73192,48.71898],[-3.72085,48.71601],[-3.69786,48.70234],[-3.68663,48.69855],[-3.67382,48.69823],[-3.63817,48.70474],[-3.63854,48.68781],[-3.614,48.68269],[-3.58479,48.68281],[-3.57055,48.68797],[-3.58047,48.71109],[-3.58454,48.72639],[-3.58047,48.73322],[-3.52831,48.73949],[-3.54284,48.74567],[-3.57738,48.77424],[-3.58153,48.7906],[-3.5714,48.79906],[-3.54259,48.80781],[-3.52086,48.83365],[-3.51529,48.84195],[-3.50918,48.84195],[-3.49983,48.83698],[-3.46813,48.83568],[-3.43358,48.82221],[-3.41975,48.82144],[-3.4254,48.81843],[-3.42809,48.81574],[-3.42992,48.81245],[-3.43334,48.80781],[-3.4099,48.80655],[-3.39761,48.80732],[-3.38874,48.81118],[-3.37865,48.81932],[-3.37182,48.8225],[-3.28746,48.84345],[-3.27579,48.84935],[-3.26895,48.84935],[-3.25951,48.84772],[-3.22973,48.87226],[-3.21361,48.86982],[-3.20714,48.85541],[-3.20775,48.83592],[-3.21495,48.81786],[-3.22789,48.80781],[-3.2268,48.80329],[-3.22557,48.80048],[-3.22053,48.79414],[-3.21687,48.80679],[-3.20873,48.81635],[-3.17882,48.84101],[-3.1542,48.85493],[-3.14537,48.86237],[-3.135,48.8592],[-3.11644,48.87409],[-3.10375,48.87665],[-3.09146,48.87128],[-3.08434,48.86221],[-3.08373,48.85171],[-3.09073,48.84195],[-3.09073,48.83568],[-3.07706,48.82827],[-3.08462,48.82014],[-3.09752,48.79414],[-3.10407,48.7862],[-3.12548,48.7674],[-3.12548,48.75996],[-3.11803,48.75996],[-3.08503,48.805],[-3.0655,48.82396],[-3.04918,48.82144],[-3.0393,48.82697],[-3.02872,48.8288],[-3.01822,48.82697],[-3.00817,48.82144],[-3.0157,48.8146],[-3.01179,48.81367],[-3.00939,48.81371],[-3.00837,48.81249],[-3.00817,48.80781],[-3.01781,48.80585],[-3.0255,48.80292],[-3.04239,48.79414],[-3.04239,48.78791],[-3.02929,48.78046],[-3.00365,48.77387],[-2.95295,48.77228],[-2.93309,48.7674],[-2.93444,48.7591],[-2.9344,48.75308],[-2.93309,48.74632],[-2.94274,48.74091],[-2.94668,48.73949],[-2.94668,48.73322],[-2.93204,48.72696],[-2.91397,48.7165],[-2.89867,48.70478],[-2.89208,48.69477],[-2.82697,48.65754],[-2.81705,48.62767],[-2.81298,48.6197],[-2.81143,48.61457],[-2.81436,48.60993],[-2.8164,48.60493],[-2.81298,48.59858],[-2.80801,48.59561],[-2.79503,48.59125],[-2.77107,48.57917],[-2.71402,48.56074],[-2.71695,48.5517],[-2.72102,48.54462],[-2.72667,48.53897],[-2.73449,48.534],[-2.72273,48.53364],[-2.71312,48.5301],[-2.7047,48.52416],[-2.69628,48.51667],[-2.68236,48.50902],[-2.67968,48.51838],[-2.68025,48.53278],[-2.67614,48.54023],[-2.63634,48.5388],[-2.62002,48.54361],[-2.6007,48.5576],[-2.57706,48.58247],[-2.56941,48.58869],[-2.55883,48.59414],[-2.54109,48.59809],[-2.47362,48.62596],[-2.45954,48.63646],[-2.45954,48.64326],[-2.46801,48.64395],[-2.48746,48.65009],[-2.44286,48.65908],[-2.42105,48.65697],[-2.41226,48.64326],[-2.38622,48.65009],[-2.35607,48.66328],[-2.32999,48.68037],[-2.31607,48.69855],[-2.31249,48.68696],[-2.30533,48.67963],[-2.29524,48.67658],[-2.28197,48.67805],[-2.28197,48.6706],[-2.28942,48.66657],[-2.29377,48.66136],[-2.29747,48.65571],[-2.3024,48.65009],[-2.33031,48.62963],[-2.31265,48.62019],[-2.29402,48.62861],[-2.27359,48.64265],[-2.25097,48.65009],[-2.2462,48.64472],[-2.24071,48.62132],[-2.23729,48.61591],[-2.22594,48.61237],[-2.21923,48.60366],[-2.21569,48.59243],[-2.21369,48.58186],[-2.20279,48.58588],[-2.19555,48.59345],[-2.19213,48.60375],[-2.19262,48.61591],[-2.18838,48.6013],[-2.18297,48.58877],[-2.17406,48.58295],[-2.15909,48.58869],[-2.15909,48.59545],[-2.1632,48.5965],[-2.17211,48.60171],[-2.16104,48.61302],[-2.14932,48.61888],[-2.13703,48.61799],[-2.12434,48.60912],[-2.13126,48.6153],[-2.13663,48.62214],[-2.14485,48.63646],[-2.10021,48.64692],[-2.05236,48.65009],[-2.04979,48.64558],[-2.02872,48.6197],[-2.02709,48.60895],[-2.02204,48.59894],[-2.01325,48.59162],[-2.00088,48.58869],[-2.00512,48.57884],[-2.00829,48.57502],[-1.98249,48.54898],[-1.97639,48.53563],[-1.98029,48.51358],[-1.97045,48.5207],[-1.93936,48.534],[-1.96727,48.54707],[-1.9619,48.55492],[-1.97663,48.5727],[-1.98029,48.58869],[-1.9735,48.58869],[-1.96939,48.58417],[-1.96516,48.5812],[-1.95295,48.57502],[-1.96036,48.58662],[-1.96939,48.59276],[-1.97981,48.59512],[-1.99112,48.59545],[-2.00048,48.6013],[-2.01903,48.63105],[-2.02872,48.64326],[-2.02554,48.65131],[-2.01814,48.66035],[-2.00658,48.66763],[-1.99112,48.6706],[-1.9877,48.67377],[-1.9877,48.68085],[-1.98591,48.68789],[-1.97696,48.69111],[-1.93936,48.69111],[-1.94563,48.69855],[-1.84374,48.71214],[-1.84667,48.70783],[-1.84691,48.70344],[-1.84358,48.69815],[-1.83633,48.69111],[-1.86119,48.66421],[-1.86095,48.64086],[-1.83821,48.62377],[-1.79601,48.61591],[-1.72281,48.6153],[-1.64395,48.62344],[-1.59569,48.64094],[-1.58967,48.64179],[-1.5797,48.64326],[-1.50056,48.63646],[-1.39314,48.65241],[-1.35656,48.64326],[-1.3723,48.66059],[-1.3946,48.66828],[-1.43285,48.6706],[-1.43301,48.66828],[-1.43773,48.66446],[-1.44327,48.66283],[-1.44595,48.66747],[-1.44709,48.6739],[-1.45051,48.67951],[-1.4558,48.68342],[-1.49022,48.69013],[-1.50267,48.6955],[-1.50796,48.70161],[-1.51647,48.72517],[-1.55362,48.74714],[-1.56208,48.77082],[-1.56257,48.79849],[-1.56676,48.82217],[-1.57885,48.83784],[-1.60293,48.84195],[-1.60293,48.84935],[-1.5891,48.85358],[-1.57852,48.86262],[-1.57185,48.87421],[-1.56371,48.92211],[-1.55704,48.93232],[-1.54841,48.92381],[-1.54279,48.93525],[-1.54198,48.94408],[-1.54703,48.94969],[-1.55899,48.95181],[-1.56306,48.95759],[-1.55223,49.01545],[-1.54577,49.03034],[-1.53234,49.03514],[-1.50796,49.02753],[-1.50796,49.03368],[-1.52725,49.03978],[-1.54971,49.03978],[-1.56843,49.03266],[-1.57632,49.01728],[-1.57946,49.01317],[-1.58654,49.01899],[-1.59358,49.029],[-1.59675,49.03742],[-1.59594,49.06127],[-1.59374,49.07197],[-1.58934,49.0821],[-1.60342,49.08397],[-1.60875,49.0915],[-1.60774,49.10273],[-1.60293,49.11563],[-1.59594,49.12849],[-1.58902,49.13459],[-1.56949,49.14354],[-1.58178,49.14985],[-1.58422,49.14842],[-1.58934,49.14354],[-1.59777,49.15937],[-1.60448,49.17821],[-1.60879,49.19782],[-1.61042,49.21589],[-1.60265,49.22541],[-1.58446,49.22626],[-1.54841,49.21931],[-1.54841,49.22549],[-1.56957,49.22968],[-1.59529,49.23786],[-1.61685,49.23823],[-1.62466,49.21931],[-1.64053,49.23151],[-1.65709,49.26838],[-1.67186,49.2801],[-1.66539,49.28461],[-1.66259,49.28604],[-1.65819,49.28754],[-1.68692,49.30244],[-1.69909,49.31354],[-1.70665,49.32917],[-1.68619,49.32917],[-1.68619,49.33535],[-1.69913,49.35586],[-1.70665,49.35586],[-1.71475,49.33853],[-1.73327,49.34626],[-1.75573,49.36245],[-1.7755,49.3701],[-1.77286,49.37702],[-1.77111,49.37995],[-1.76797,49.38373],[-1.78189,49.38154],[-1.79507,49.37763],[-1.80679,49.37686],[-1.81648,49.38373],[-1.81957,49.3968],[-1.81578,49.43085],[-1.81648,49.44522],[-1.81941,49.45205],[-1.8236,49.45848],[-1.83821,49.47582],[-1.83951,49.48066],[-1.84024,49.48583],[-1.84374,49.4936],[-1.85359,49.5043],[-1.87946,49.52497],[-1.88467,49.53091],[-1.87841,49.54487],[-1.85017,49.56171],[-1.84374,49.57185],[-1.83922,49.60318],[-1.83951,49.61978],[-1.84691,49.63394],[-1.85505,49.64509],[-1.86058,49.65477],[-1.8695,49.66169],[-1.9016,49.66584],[-1.94563,49.67797],[-1.93765,49.70157],[-1.93956,49.71646],[-1.93521,49.72411],[-1.90835,49.72639],[-1.899,49.72427],[-1.87914,49.71483],[-1.8673,49.71271],[-1.83943,49.7154],[-1.82946,49.71271],[-1.82461,49.70844],[-1.82095,49.69636],[-1.81648,49.69164],[-1.81184,49.69074],[-1.80089,49.69208],[-1.79601,49.69164],[-1.774,49.68671],[-1.70775,49.68016],[-1.63305,49.66352],[-1.61718,49.66429],[-1.61669,49.66201],[-1.61636,49.65705],[-1.61392,49.65225],[-1.60668,49.65005],[-1.59732,49.65229],[-1.58373,49.66206],[-1.57286,49.66429],[-1.56119,49.66303],[-1.54039,49.65778],[-1.52843,49.65746],[-1.51146,49.66254],[-1.49592,49.67219],[-1.47012,49.69505],[-1.45572,49.70222],[-1.40949,49.71158],[-1.39126,49.71271],[-1.27115,49.69843],[-1.26305,49.6955],[-1.2591,49.6883],[-1.25414,49.67178],[-1.23225,49.64143],[-1.22777,49.62409],[-1.25333,49.61225],[-1.25756,49.60285],[-1.26,49.59345],[-1.26403,49.58926],[-1.2862,49.58894],[-1.29499,49.58682],[-1.30142,49.58177],[-1.30626,49.55809],[-1.29361,49.5384],[-1.27652,49.52074],[-1.26159,49.49315],[-1.18529,49.43037],[-1.17569,49.41523],[-1.17223,49.39338],[-1.17422,49.38239],[-1.1787,49.37458],[-1.18326,49.36945],[-1.18517,49.3664],[-1.182,49.35619],[-1.17382,49.357],[-1.16308,49.36152],[-1.15172,49.3627],[-1.14102,49.35668],[-1.13345,49.34951],[-1.12287,49.34545],[-1.10342,49.34903],[-1.10342,49.35586],[-1.11376,49.36579],[-1.10635,49.37946],[-1.08959,49.39155],[-1.07225,49.3968],[-0.94042,49.39228],[-0.82213,49.3627],[-0.65079,49.35586],[-0.60798,49.3474],[-0.58336,49.34589],[-0.54695,49.35895],[-0.52253,49.35529],[-0.47948,49.34276],[-0.41112,49.34276],[-0.39362,49.33804],[-0.36343,49.32502],[-0.3131,49.31733],[-0.21947,49.2801],[-0.19408,49.29523],[-0.03384,49.32005],[-0.00029,49.33052],[0.01287,49.33462],[0.04029,49.35041],[0.06308,49.35448],[0.07195,49.35928],[0.09596,49.38373],[0.16236,49.41519],[0.28688,49.43362],[0.41131,49.45205],[0.45729,49.46743],[0.47657,49.47866],[0.49318,49.4936],[0.42213,49.46442],[0.33961,49.45673],[0.25685,49.46406],[0.18531,49.47997],[0.16481,49.47997],[0.14731,49.48094],[0.12436,49.48579],[0.10442,49.4936],[0.09596,49.50324],[0.09278,49.50926],[0.07862,49.51553],[0.07537,49.52408],[0.07659,49.53498],[0.07968,49.54218],[0.13087,49.6035],[0.17091,49.69164],[0.18588,49.70319],[0.23585,49.72932],[0.24676,49.72944],[0.25685,49.73591],[0.38746,49.77505],[0.39763,49.78437],[0.5228,49.83295],[0.55738,49.83979],[0.59669,49.85725],[0.67482,49.8758],[0.76092,49.87507],[1.17262,49.96101],[1.19695,49.97358],[1.2212,49.97899],[1.261,50.00751],[1.39129,50.07518],[1.4441,50.11726],[1.45582,50.1236],[1.46453,50.13215],[1.48683,50.18505],[1.52101,50.21467],[1.55535,50.21772],[1.65431,50.18659],[1.66407,50.18708],[1.67254,50.19253],[1.67254,50.19937],[1.66196,50.19892],[1.65528,50.20051],[1.65008,50.20478],[1.64454,50.21239],[1.66505,50.21239],[1.66505,50.21979],[1.64568,50.22004],[1.6255,50.22431],[1.61004,50.23225],[1.60353,50.24348],[1.59392,50.25629],[1.55112,50.26968],[1.54152,50.2779],[1.54314,50.31],[1.55152,50.34907],[1.57203,50.37568],[1.59498,50.37267],[1.61036,50.37067],[1.61036,50.3769],[1.55519,50.40477],[1.55519,50.41157],[1.5735,50.44538],[1.57423,50.49238],[1.57928,50.53315],[1.61036,50.54816],[1.58334,50.57469],[1.57789,50.58861],[1.57358,50.63557],[1.56316,50.67829],[1.56267,50.69896],[1.56764,50.71674],[1.58872,50.75629],[1.60011,50.77098],[1.60564,50.79003],[1.59929,50.81293],[1.58318,50.8498],[1.58082,50.86372],[1.58058,50.8688],[1.60483,50.88105],[1.61346,50.88337],[1.63429,50.88459],[1.65333,50.88911],[1.67018,50.90009],[1.69907,50.92561],[1.72983,50.94392],[1.9214,50.99677],[1.9393,50.99445],[1.97348,51.00715],[2.13404,51.01997],[2.30551,51.05541],[2.31609,51.05903],[2.32447,51.05988],[2.38445,51.05533],[2.46608,51.06879],[2.50668,51.08076],[2.52149,51.08739],[2.52182,51.08755],[2.542,51.09687],[2.57993,51.1048],[2.71567,51.1695],[2.9236,51.24649],[3.12485,51.32966],[3.34897,51.37515],[3.34946,51.37523],[3.51092,51.40795],[3.52573,51.4156],[3.54135,51.41673],[3.60467,51.39106],[3.70216,51.3736],[3.73422,51.35578],[3.75554,51.35008],[3.79591,51.35008],[3.834,51.34325],[3.85817,51.34545],[3.95582,51.37177],[3.96925,51.38166],[3.97462,51.4016],[3.98414,51.41047],[4.00571,51.40982],[4.02906,51.4042],[4.04347,51.39851],[4.05006,51.39224],[4.06129,51.37665],[4.07016,51.37055],[4.08131,51.36815],[4.10548,51.36612],[4.11549,51.36099],[4.12192,51.35936],[4.15651,51.35757],[4.17368,51.37373],[4.18002,51.37743],[4.19956,51.37604],[4.22153,51.36799],[4.22218,51.36774],[4.24106,51.35659],[4.24903,51.34667],[4.25611,51.32844],[4.27263,51.31582],[4.29078,51.30589],[4.30299,51.29609],[4.30665,51.28974],[4.30812,51.28364],[4.30543,51.2766],[4.29868,51.2696],[4.29672,51.26756],[4.30836,51.27123],[4.31642,51.27684],[4.33082,51.29609],[4.29713,51.30516],[4.28932,51.30915],[4.28541,51.31802],[4.28614,51.33967],[4.28305,51.35008],[4.27565,51.3581],[4.26108,51.36937],[4.25709,51.3725],[4.24903,51.38422],[4.24635,51.39643],[4.24684,51.40672],[4.24488,51.4145],[4.23471,51.41901],[4.22299,51.40949],[4.20102,51.40534],[4.1111,51.40697],[4.09034,51.41128],[4.07016,51.41901],[4.01515,51.44892],[3.99879,51.45311],[3.95704,51.4558],[3.94313,51.45039],[3.91342,51.41527],[3.90211,51.40493],[3.88673,51.39981],[3.85076,51.39737],[3.8379,51.39224],[3.82716,51.39106],[3.81642,51.39411],[3.78907,51.41218],[3.72877,51.43081],[3.68971,51.45429],[3.674,51.45539],[3.63258,51.44571],[3.61004,51.44505],[3.5534,51.45311],[3.53541,51.45922],[3.52019,51.47338],[3.50685,51.48933],[3.4948,51.50092],[3.46193,51.51899],[3.45102,51.52973],[3.44703,51.54597],[3.45753,51.55508],[3.5604,51.59463],[3.82887,51.61274],[3.85109,51.61079],[3.86606,51.60541],[3.88217,51.5961],[3.8965,51.58381],[3.90577,51.56924],[3.89527,51.5666],[3.87827,51.55939],[3.87159,51.55557],[3.87159,51.54938],[3.9673,51.54312],[4.01588,51.53083],[4.05714,51.50837],[4.07032,51.49274],[4.09002,51.45824],[4.10483,51.44571],[4.12875,51.44135],[4.18084,51.44587],[4.20045,51.43952],[4.22023,51.44355],[4.25278,51.44253],[4.26385,51.4444],[4.28321,51.4477],[4.29672,51.47053],[4.28859,51.49213],[4.26775,51.50829],[4.23976,51.5185],[4.23048,51.51956],[4.19467,51.52359],[4.15333,51.53506],[4.13795,51.53588],[4.10629,51.53352],[4.09132,51.53506],[4.06723,51.54401],[3.98813,51.59028],[4.04119,51.60602],[4.06772,51.61066],[4.15724,51.6079],[4.18336,51.60293],[4.20688,51.59052],[4.20729,51.59028],[4.20265,51.60912],[4.18995,51.61669],[4.18613,51.61681],[4.14666,51.61787],[4.136,51.62043],[4.12599,51.6247],[4.11801,51.63068],[4.11297,51.63939],[4.10987,51.65087],[4.10963,51.6623],[4.11264,51.6708],[4.12566,51.67963],[4.14291,51.68415],[4.17693,51.68586],[4.16635,51.69269],[4.14112,51.70393],[4.07154,51.71719],[4.05714,51.73029],[4.05079,51.7635],[4.03395,51.78425],[4.00978,51.79792],[3.98146,51.81],[3.96258,51.80122],[3.93719,51.79633],[3.91139,51.79637],[3.89186,51.79296],[3.88819,51.78889],[3.88111,51.78807],[3.87159,51.78828],[3.86232,51.81607],[3.89137,51.82827],[3.95411,51.84016],[3.96266,51.84736],[3.98219,51.84829],[4.01564,51.84357],[4.04347,51.83422],[4.04762,51.83369],[4.05502,51.83422],[4.06544,51.8371],[4.07765,51.84357],[4.07008,51.85273],[4.04461,51.8745],[4.03785,51.87792],[4.03207,51.88203],[4.0298,51.88825],[4.03199,51.89606],[4.03663,51.90156],[4.04127,51.9055],[4.04347,51.90868],[4.04021,51.92406],[4.02117,51.96332],[4.01002,51.98013],[4.01564,51.9877],[4.02247,51.99437],[4.06902,51.98794],[4.10768,51.99189],[4.12789,52]],[[-1.21939,45.94392],[-1.22436,45.93505],[-1.21394,45.92805],[-1.18517,45.91596],[-1.17772,45.90693],[-1.1761,45.89875],[-1.18419,45.85635],[-1.19457,45.83006],[-1.20922,45.81415],[-1.22688,45.81977],[-1.2412,45.85456],[-1.24942,45.86774],[-1.26036,45.88182],[-1.319,45.92813],[-1.34016,45.93867],[-1.36172,45.95673],[-1.37833,45.97598],[-1.37389,45.98493],[-1.37165,45.99531],[-1.38292,46.0185],[-1.40494,46.05317],[-1.37389,46.05024],[-1.33991,46.03783],[-1.3087,46.02025],[-1.28515,46.00165],[-1.27383,45.99763],[-1.26122,46.00068],[-1.24763,46.00178],[-1.23363,45.99169],[-1.22956,45.97923],[-1.23119,45.96792],[-1.23046,45.9582],[-1.21939,45.95075],[-1.21939,45.94392]],[[-1.2814,46.1562],[-1.28628,46.1601],[-1.29068,46.16132],[-1.33609,46.16722],[-1.43285,46.21084],[-1.48892,46.20336],[-1.50426,46.20767],[-1.54483,46.2399],[-1.55582,46.24555],[-1.55582,46.25178],[-1.49812,46.26191],[-1.48009,46.25922],[-1.47273,46.25528],[-1.46788,46.24991],[-1.46744,46.24396],[-1.47387,46.23811],[-1.49771,46.24519],[-1.50796,46.24555],[-1.49055,46.22443],[-1.46418,46.22492],[-1.43545,46.23383],[-1.41112,46.23811],[-1.41112,46.23127],[-1.42536,46.23127],[-1.42536,46.22382],[-1.40876,46.21825],[-1.30809,46.20694],[-1.28474,46.19644],[-1.26574,46.18098],[-1.25414,46.16242],[-1.26342,46.16185],[-1.27086,46.16022],[-1.2814,46.1562]],[[-2.33723,46.73159],[-2.29821,46.72016],[-2.27969,46.71027],[-2.26895,46.69741],[-2.29137,46.7036],[-2.37141,46.70429],[-2.38292,46.72264],[-2.37515,46.73164],[-2.3568,46.73379],[-2.33723,46.73159]],[[-2.2001,46.98542],[-2.18981,46.97724],[-2.15575,46.96491],[-2.14485,46.95747],[-2.14005,46.94343],[-2.13768,46.92316],[-2.14257,46.90986],[-2.15909,46.91649],[-2.17369,46.93915],[-2.19481,46.96186],[-2.2202,46.97386],[-2.2473,46.9643],[-2.26317,46.9798],[-2.27868,47.01813],[-2.29564,47.03319],[-2.2386,47.03535],[-2.22045,47.03319],[-2.20002,47.02436],[-2.19742,47.01301],[-2.20132,46.99974],[-2.2001,46.98542]],[[-3.11465,47.33149],[-3.10269,47.32734],[-3.07274,47.32832],[-3.06281,47.32062],[-3.06701,47.30195],[-3.09362,47.29662],[-3.1717,47.30158],[-3.22346,47.31216],[-3.24096,47.32062],[-3.23762,47.33637],[-3.24535,47.35285],[-3.25617,47.3688],[-3.26207,47.38325],[-3.25365,47.38886],[-3.24962,47.39521],[-3.24299,47.39533],[-3.23412,47.38955],[-3.22151,47.38752],[-3.1765,47.37149],[-3.1516,47.35814],[-3.14879,47.35537],[-3.11465,47.33149]],[[-5.05028,48.47883],[-5.04817,48.47651],[-5.04625,48.47382],[-5.04296,48.47199],[-5.03661,48.4726],[-5.03661,48.46516],[-5.08796,48.44721],[-5.10554,48.44465],[-5.10554,48.45148],[-5.10216,48.45185],[-5.09512,48.45112],[-5.09187,48.45148],[-5.09777,48.46133],[-5.10741,48.46337],[-5.1328,48.45832],[-5.1328,48.46516],[-5.09179,48.48078],[-5.069,48.48505],[-5.05028,48.47883]],[[-2.08267,49.26024],[-2.06786,49.25068],[-2.02066,49.23526],[-2.02196,49.22549],[-2.01732,49.22138],[-2.01187,49.21528],[-2.00829,49.21247],[-2.017,49.20722],[-2.02098,49.20075],[-2.02204,49.19245],[-2.02196,49.18138],[-2.02453,49.17133],[-2.03116,49.17145],[-2.04003,49.17573],[-2.04922,49.17829],[-2.07999,49.1787],[-2.097,49.18366],[-2.12023,49.19916],[-2.1289,49.20307],[-2.13793,49.20563],[-2.14485,49.20563],[-2.15294,49.19994],[-2.16063,49.19074],[-2.16869,49.17829],[-2.17715,49.18016],[-2.18969,49.18911],[-2.2001,49.19196],[-2.20295,49.19042],[-2.22338,49.18472],[-2.23363,49.18452],[-2.22647,49.206],[-2.23322,49.2285],[-2.24201,49.24795],[-2.24112,49.26024],[-2.22936,49.26301],[-2.2152,49.26024],[-2.19628,49.2534],[-2.18273,49.25406],[-2.17235,49.25625],[-2.16271,49.2604],[-2.15168,49.26704],[-2.14379,49.26187],[-2.12198,49.25829],[-2.11067,49.2534],[-2.10387,49.25821],[-2.09756,49.25967],[-2.08267,49.26024]],[[-2.58023,49.4936],[-2.55956,49.49934],[-2.5382,49.50983],[-2.51822,49.51553],[-2.5017,49.50666],[-2.50577,49.49799],[-2.52212,49.47997],[-2.52672,49.45848],[-2.53295,49.44286],[-2.53279,49.43891],[-2.53409,49.43623],[-2.54198,49.43089],[-2.55207,49.4267],[-2.5587,49.42719],[-2.56485,49.42951],[-2.57311,49.43089],[-2.66934,49.43089],[-2.67345,49.4335],[-2.67077,49.43879],[-2.66295,49.44379],[-2.65184,49.44522],[-2.65656,49.45942],[-2.65026,49.46369],[-2.63793,49.46385],[-2.62462,49.46573],[-2.58023,49.4936]],[[-1.08275,50.71332],[-1.06233,50.69282],[-1.06233,50.68529],[-1.06696,50.68525],[-1.06965,50.6835],[-1.07189,50.68098],[-1.07531,50.67853],[-1.1127,50.67145],[-1.12865,50.66645],[-1.15636,50.65078],[-1.16222,50.64598],[-1.1647,50.64094],[-1.16413,50.61937],[-1.16503,50.60822],[-1.16845,50.60346],[-1.2792,50.58251],[-1.31554,50.58918],[-1.44595,50.64814],[-1.45279,50.65428],[-1.48595,50.66934],[-1.49743,50.67231],[-1.53515,50.66938],[-1.5515,50.66511],[-1.56949,50.65803],[-1.54532,50.6861],[-1.50593,50.70771],[-1.41869,50.73379],[-1.42089,50.73046],[-1.42345,50.7237],[-1.42536,50.72012],[-1.40087,50.72199],[-1.37755,50.7342],[-1.34349,50.76105],[-1.31851,50.77216],[-1.29577,50.77318],[-1.14428,50.73379],[-1.11954,50.7342],[-1.10912,50.73286],[-1.09703,50.72696],[-1.09642,50.72443],[-1.09765,50.71601],[-1.09703,50.71332],[-1.09423,50.71263],[-1.08556,50.71402],[-1.08275,50.71332]],[[-0.95987,50.80825],[-0.95987,50.80207],[-0.95458,50.79881],[-0.94563,50.79182],[-0.93883,50.7884],[-0.93883,50.78095],[-1.02074,50.7884],[-1.02074,50.79515],[-0.99869,50.80101],[-0.97256,50.82978],[-0.95987,50.82933],[-0.95031,50.8238],[-0.94782,50.81782],[-0.9514,50.81245],[-0.95987,50.80825]],[[0.91147,51.41218],[0.93247,51.39769],[0.94215,51.383],[0.93637,51.37104],[0.91147,51.36441],[0.79477,51.37055],[0.77508,51.37531],[0.75758,51.38642],[0.7435,51.40009],[0.7339,51.41218],[0.74684,51.43964],[0.75392,51.44571],[0.76694,51.44794],[0.8908,51.42105],[0.90056,51.41755],[0.91147,51.41218]],[[-2.36376,49.44685],[-2.35635,49.44038],[-2.3544,49.4278],[-2.36465,49.41787],[-2.37352,49.41157],[-2.37808,49.41275],[-2.37483,49.41918],[-2.37312,49.42426],[-2.37588,49.43041],[-2.37548,49.43545],[-2.37263,49.43806],[-2.36986,49.44208],[-2.36612,49.44575],[-2.36376,49.44685]],[[-2.17447,49.73139],[-2.17032,49.72875],[-2.17032,49.72321],[-2.1879,49.71064],[-2.20084,49.70572],[-2.21687,49.70303],[-2.22623,49.70783],[-2.21849,49.7187],[-2.2047,49.72411],[-2.19481,49.7248],[-2.17862,49.7309],[-2.17447,49.73139]],[[-6.29882,49.93549],[-6.29223,49.93207],[-6.28417,49.92276],[-6.28751,49.91401],[-6.29727,49.90961],[-6.30915,49.91364],[-6.30744,49.92744],[-6.29882,49.93549]],[[-6.33365,49.9597],[-6.32803,49.95661],[-6.32649,49.94921],[-6.33251,49.94172],[-6.34122,49.94477],[-6.34805,49.9562],[-6.34895,49.96434],[-6.34179,49.96361],[-6.33682,49.96092],[-6.33365,49.9597]],[[-4.66544,51.18358],[-4.66397,51.17707],[-4.66348,51.16486],[-4.67048,51.1601],[-4.67854,51.16706],[-4.6798,51.18057],[-4.67642,51.1931],[-4.67121,51.19505],[-4.66698,51.18769],[-4.66544,51.18358]],[[-1.8299,48.8747],[-1.8271,48.87324],[-1.8249,48.86669],[-1.82665,48.86937],[-1.82986,48.86888],[-1.8345,48.86917],[-1.83731,48.87324],[-1.8365,48.87881],[-1.8345,48.87747],[-1.8299,48.8747]],[[-2.45368,49.48188],[-2.44782,49.48395],[-2.44522,49.4746],[-2.45336,49.46214],[-2.4545,49.46613],[-2.45507,49.47504],[-2.45368,49.48188]],[[-6.34948,49.89623],[-6.34431,49.8937],[-6.34085,49.88955],[-6.34268,49.88394],[-6.34724,49.88341],[-6.35538,49.8889],[-6.35489,49.89403],[-6.34948,49.89623]],[[-6.35346,49.95751],[-6.35322,49.94977],[-6.35806,49.94383],[-6.36286,49.94355],[-6.36351,49.9455],[-6.36384,49.94835],[-6.36571,49.95112],[-6.36506,49.95511],[-6.36286,49.95991],[-6.35855,49.96109],[-6.35346,49.95751]],[[-6.28152,49.96459],[-6.27766,49.96442],[-6.2718,49.96556],[-6.26822,49.96296],[-6.27741,49.95694],[-6.28921,49.9569],[-6.30403,49.96459],[-6.30712,49.96768],[-6.3002,49.97199],[-6.29682,49.97244],[-6.29214,49.96804],[-6.28637,49.96467],[-6.28152,49.96459]],[[-4.68989,51.6409],[-4.67764,51.63573],[-4.68147,51.63028],[-4.69078,51.62922],[-4.69701,51.63353],[-4.70234,51.6326],[-4.70462,51.63443],[-4.70873,51.63898],[-4.70702,51.64289],[-4.68989,51.6409]],[[-5.29316,51.74315],[-5.28095,51.73802],[-5.27139,51.73526],[-5.28124,51.7307],[-5.28917,51.73123],[-5.29129,51.72822],[-5.30053,51.727],[-5.30118,51.72797],[-5.30053,51.72952],[-5.30476,51.73074],[-5.31029,51.73143],[-5.31493,51.73725],[-5.31029,51.74006],[-5.29316,51.74315]],[[-5.33576,51.87804],[-5.33112,51.87584],[-5.33414,51.86848],[-5.33357,51.85997],[-5.33764,51.85403],[-5.34236,51.85281],[-5.34354,51.8531],[-5.34398,51.85566],[-5.35049,51.85708],[-5.35001,51.86506],[-5.34667,51.86839],[-5.3498,51.87413],[-5.34138,51.87849],[-5.33576,51.87804]],[[4.03663,51.68586],[4.07838,51.67862],[4.09734,51.67023],[4.09938,51.65412],[4.08904,51.64403],[4.0726,51.63691],[4.05486,51.63264],[3.97804,51.62328],[3.9603,51.62385],[3.92311,51.63247],[3.90154,51.642],[3.89194,51.6555],[3.88559,51.66836],[3.8698,51.67609],[3.83058,51.68586],[3.8239,51.68989],[3.81764,51.69526],[3.80926,51.69953],[3.79591,51.70014],[3.77125,51.68183],[3.76539,51.67841],[3.72055,51.67683],[3.70004,51.68061],[3.6867,51.69269],[3.68946,51.72504],[3.72584,51.73973],[3.81007,51.7473],[3.81422,51.74824],[3.83058,51.7473],[3.84376,51.74283],[3.93963,51.74116],[3.96176,51.73811],[3.97804,51.73029],[4.01539,51.70173],[4.02027,51.69648],[4.02662,51.69111],[4.03663,51.68586]]],[[[0.50976,40.5],[8.35347,40.5],[8.34986,40.50235],[8.33172,40.51069],[8.3239,40.53083],[8.31959,40.55561],[8.31202,40.57807],[8.29152,40.59536],[8.26735,40.59406],[8.21632,40.57062],[8.19597,40.57807],[8.20533,40.59781],[8.21632,40.61221],[8.19337,40.6175],[8.17661,40.60659],[8.16619,40.58641],[8.16179,40.56379],[8.15309,40.57779],[8.14731,40.59321],[8.14064,40.61905],[8.14064,40.62519],[8.15772,40.63227],[8.17384,40.64159],[8.18531,40.65656],[8.18849,40.68049],[8.19109,40.68041],[8.19557,40.68529],[8.19744,40.69123],[8.19215,40.69416],[8.17897,40.69477],[8.17384,40.69697],[8.16798,40.70161],[8.15333,40.71971],[8.14584,40.72602],[8.1338,40.72891],[8.20965,40.86542],[8.21534,40.88141],[8.21632,40.8996],[8.20973,40.91445],[8.19215,40.92064],[8.17888,40.92817],[8.1823,40.9453],[8.19304,40.96377],[8.20216,40.97529],[8.20965,40.97529],[8.21258,40.96345],[8.21998,40.96231],[8.22902,40.96255],[8.23618,40.95478],[8.23553,40.94648],[8.23162,40.93452],[8.22926,40.92158],[8.23317,40.9101],[8.27784,40.86542],[8.31023,40.85065],[8.42189,40.83877],[8.47787,40.82616],[8.50099,40.82445],[8.52052,40.82697],[8.5984,40.85297],[8.61834,40.86616],[8.63429,40.88158],[8.64096,40.89647],[8.70916,40.92064],[8.7339,40.92129],[8.75123,40.91913],[8.76442,40.9138],[8.82252,40.94733],[8.83961,40.96162],[8.87534,41.00812],[8.88795,41.01626],[8.88592,41.02009],[8.88592,41.02123],[8.88527,41.0218],[8.88111,41.02367],[8.9131,41.03266],[8.9227,41.03677],[8.92945,41.04365],[8.94012,41.06118],[8.9463,41.06464],[8.95875,41.07001],[8.97576,41.08267],[8.99073,41.09736],[9.00554,41.12189],[9.02475,41.12885],[9.09303,41.1352],[9.10776,41.13947],[9.13559,41.16031],[9.14186,41.15278],[9.15756,41.16889],[9.16342,41.18415],[9.16285,41.22541],[9.17107,41.24291],[9.18995,41.25113],[9.21241,41.25581],[9.23064,41.26264],[9.23268,41.25357],[9.23829,41.24885],[9.24692,41.24775],[9.25782,41.24966],[9.26808,41.23664],[9.26743,41.20197],[9.27833,41.19501],[9.27467,41.19953],[9.27361,41.20515],[9.27491,41.21239],[9.27833,41.22175],[9.28533,41.22175],[9.28932,41.20873],[9.28834,41.20576],[9.28533,41.20124],[9.28533,41.19501],[9.29957,41.19648],[9.30543,41.19794],[9.31251,41.20124],[9.31658,41.19648],[9.33302,41.18757],[9.33522,41.21166],[9.35206,41.20726],[9.38819,41.18073],[9.38819,41.18757],[9.39666,41.18391],[9.40406,41.18171],[9.41228,41.18073],[9.42237,41.18073],[9.42237,41.17451],[9.417,41.17145],[9.41432,41.1682],[9.41212,41.16454],[9.4087,41.16031],[9.42018,41.15644],[9.42661,41.14924],[9.43279,41.14077],[9.44288,41.13296],[9.43702,41.12543],[9.43678,41.11538],[9.44288,41.09199],[9.45411,41.11197],[9.46046,41.12051],[9.47006,41.12613],[9.46681,41.13068],[9.4651,41.13443],[9.46241,41.1376],[9.45655,41.14037],[9.46909,41.14619],[9.48146,41.14558],[9.4944,41.14232],[9.50807,41.14037],[9.51393,41.1435],[9.5184,41.14867],[9.52394,41.14973],[9.53224,41.14037],[9.52475,41.13296],[9.53435,41.12812],[9.54078,41.12287],[9.54615,41.12092],[9.55275,41.12613],[9.55958,41.12613],[9.56121,41.12181],[9.56178,41.12108],[9.563,41.12124],[9.56642,41.11933],[9.56512,41.10712],[9.56227,41.09711],[9.55641,41.08784],[9.54591,41.0777],[9.54379,41.08251],[9.54078,41.08735],[9.53907,41.09199],[9.52125,41.03168],[9.51189,41.01626],[9.53224,41.01626],[9.52475,41.0305],[9.54314,41.03693],[9.55421,41.03461],[9.55763,41.02505],[9.55275,41.00947],[9.55779,41.00943],[9.5586,41.01105],[9.55828,41.01362],[9.55958,41.01626],[9.56568,41.01093],[9.56861,41.00951],[9.57325,41.00947],[9.58815,41.0207],[9.61573,41.0196],[9.6443,41.01166],[9.66261,41.00263],[9.65122,40.99112],[9.636,40.99238],[9.61964,40.99877],[9.60426,41.00263],[9.58758,40.9958],[9.58253,40.97993],[9.57887,40.96198],[9.56642,40.94864],[9.57114,40.93488],[9.55747,40.93122],[9.51189,40.93431],[9.51124,40.92939],[9.51254,40.92797],[9.50424,40.92691],[9.51197,40.91519],[9.52003,40.91503],[9.52898,40.91926],[9.53907,40.92064],[9.54933,40.91722],[9.56723,40.90839],[9.57325,40.9064],[9.59278,40.9099],[9.60768,40.91787],[9.62257,40.92377],[9.6421,40.92064],[9.63722,40.91157],[9.63152,40.90485],[9.62387,40.9007],[9.61411,40.8996],[9.61411,40.89338],[9.65008,40.87946],[9.65577,40.87604],[9.65772,40.86396],[9.66326,40.85822],[9.67172,40.85871],[9.68312,40.86542],[9.68979,40.85586],[9.69939,40.85004],[9.71095,40.84687],[9.72397,40.84492],[9.69109,40.83625],[9.681,40.82978],[9.68979,40.81704],[9.68979,40.81078],[9.67449,40.81391],[9.66179,40.80903],[9.65789,40.79987],[9.66879,40.79035],[9.66977,40.80146],[9.67579,40.78864],[9.70395,40.75943],[9.7103,40.74559],[9.7142,40.72724],[9.74448,40.68049],[9.7483,40.66722],[9.75318,40.60529],[9.75652,40.59516],[9.76157,40.58735],[9.76808,40.5843],[9.78191,40.58198],[9.78582,40.57587],[9.78688,40.56712],[9.79225,40.55695],[9.82057,40.53636],[9.82643,40.52961],[9.82667,40.5196],[9.8152,40.50251],[9.81445,40.5],[11,40.5],[11,42.68076],[10.99562,42.69603],[10.99,42.71027],[10.98121,42.7163],[10.97234,42.72004],[10.94361,42.74299],[10.89088,42.7639],[10.73129,42.80443],[10.75538,42.81916],[10.7649,42.83527],[10.76637,42.85419],[10.76564,42.8771],[10.76873,42.88394],[10.77459,42.88825],[10.77768,42.89472],[10.77296,42.90815],[10.76352,42.91828],[10.75074,42.92528],[10.68141,42.94904],[10.6325,42.95848],[10.58326,42.9597],[10.53907,42.94912],[10.54347,42.93879],[10.54656,42.93476],[10.51857,42.92528],[10.49952,42.9405],[10.47755,42.99006],[10.5027,43.00556],[10.5171,43.02391],[10.53907,43.07941],[10.53566,43.09138],[10.53566,43.11262],[10.53932,43.13418],[10.54656,43.14712],[10.53834,43.16425],[10.53443,43.18529],[10.53289,43.22622],[10.52817,43.24677],[10.51694,43.26679],[10.43702,43.38858],[10.37338,43.45319],[10.35914,43.46528],[10.32635,43.47687],[10.31723,43.49262],[10.29477,43.56855],[10.26401,43.80939],[10.25164,43.84663],[10.21013,43.92023],[10.18068,43.95527],[10.13649,43.97871],[10.10581,44.01675],[10.09059,44.02538],[10.07203,44.02953],[10.03533,44.04784],[10.01482,44.05207],[9.99855,44.05805],[9.98854,44.05976],[9.98414,44.05549],[9.98072,44.04987],[9.97267,44.04572],[9.96274,44.04466],[9.95362,44.04865],[9.93784,44.06037],[9.90431,44.0799],[9.88795,44.093],[9.8768,44.08784],[9.84474,44.10863],[9.82643,44.10725],[9.83326,44.09984],[9.82862,44.09813],[9.82399,44.09512],[9.81959,44.093],[9.82447,44.08491],[9.83058,44.07884],[9.83815,44.07477],[9.8475,44.0725],[9.8475,44.06631],[9.84165,44.06338],[9.83888,44.06037],[9.83326,44.05207],[9.84637,44.04629],[9.84254,44.04116],[9.83229,44.0423],[9.82643,44.05549],[9.81984,44.06338],[9.77182,44.07941],[9.72088,44.11347],[9.70973,44.11774],[9.68263,44.13654],[9.67254,44.14082],[9.64324,44.14232],[9.63103,44.1446],[9.6211,44.14826],[9.58619,44.17772],[9.57993,44.17894],[9.57301,44.1916],[9.55649,44.20014],[9.51124,44.21524],[9.49903,44.22183],[9.48976,44.2309],[9.48439,44.24384],[9.4725,44.23981],[9.45387,44.2377],[9.43678,44.23949],[9.42921,44.24726],[9.42237,44.25678],[9.37452,44.2718],[9.36769,44.29442],[9.26271,44.33641],[9.23064,44.35371],[9.22104,44.34406],[9.21372,44.33344],[9.20981,44.32087],[9.2107,44.30533],[9.16505,44.31831],[9.14666,44.32856],[9.14861,44.34003],[9.13006,44.36335],[9.10206,44.37397],[9.00123,44.38727],[8.95289,44.39981],[8.92368,44.41157],[8.91456,44.40892],[8.86842,44.40974],[8.84539,44.41348],[8.83774,44.41718],[8.827,44.42845],[8.76238,44.43212],[8.73715,44.42878],[8.72478,44.42398],[8.69581,44.40672],[8.68531,44.3981],[8.67856,44.39468],[8.67091,44.39472],[8.66277,44.39558],[8.65512,44.39468],[8.59376,44.36274],[8.57667,44.36054],[8.56479,44.35716],[8.54029,44.34003],[8.46608,44.30427],[8.44451,44.28388],[8.44972,44.26435],[8.43946,44.25316],[8.43653,44.24755],[8.4354,44.24042],[8.43238,44.23802],[8.41725,44.23066],[8.41188,44.22704],[8.4065,44.21503],[8.40854,44.20409],[8.40821,44.19351],[8.39454,44.18236],[8.3694,44.17353],[8.31349,44.16047],[8.28468,44.14826],[8.26954,44.13874],[8.25652,44.12836],[8.23317,44.10358],[8.22999,44.09634],[8.23121,44.08031],[8.22999,44.0725],[8.22381,44.0572],[8.21632,44.04523],[8.16912,44.00666],[8.15268,43.98322],[8.16798,43.96263],[8.16798,43.95649],[8.14471,43.95258],[8.11525,43.92768],[8.0892,43.91987],[8.08155,43.91523],[8.07545,43.90965],[8.07301,43.90461],[8.06772,43.89667],[8.05568,43.89208],[8.03142,43.88752],[7.95973,43.85285],[7.78582,43.82197],[7.73658,43.79825],[7.695,43.79121],[7.57203,43.79133],[7.54412,43.78449],[7.5311,43.78449],[7.5232,43.78905],[7.51287,43.79214],[7.50229,43.79222],[7.48911,43.78547],[7.48487,43.78539],[7.48072,43.78583],[7.47641,43.78449],[7.47576,43.78083],[7.47731,43.76813],[7.47641,43.76464],[7.46844,43.76171],[7.46266,43.76211],[7.45435,43.75712],[7.44597,43.74985],[7.43285,43.73985],[7.41796,43.7309],[7.40432,43.71797],[7.38072,43.71927],[7.36575,43.72273],[7.35318,43.71569],[7.3423,43.70783],[7.33806,43.69831],[7.33053,43.68642],[7.319,43.68525],[7.3009,43.68769],[7.28025,43.69333],[7.25727,43.69165],[7.24168,43.68487],[7.22851,43.6742],[7.23181,43.66347],[7.21381,43.64867],[7.20379,43.64436],[7.19668,43.65692],[7.17765,43.66011],[7.1646,43.65606],[7.15162,43.65477],[7.14422,43.64545],[7.13657,43.64118],[7.13307,43.63386],[7.12615,43.60583],[7.13209,43.5788],[7.13258,43.57355],[7.13624,43.56246],[7.13892,43.55402],[7.12551,43.54777],[7.11294,43.56454],[7.10432,43.56829],[7.08843,43.56867],[7.07105,43.56081],[7.05811,43.54989],[7.04508,43.54214],[7.0372,43.53626],[7.03063,43.54789],[7.01447,43.54709],[6.99382,43.54891],[6.9756,43.54695],[6.96209,43.54011],[6.9452,43.52725],[6.94089,43.51246],[6.94956,43.50788],[6.94899,43.50739],[6.95381,43.50462],[6.9543,43.50011],[6.92508,43.47276],[6.92037,43.44901],[6.89824,43.438],[6.89403,43.42763],[6.87107,43.42609],[6.86967,43.43205],[6.86656,43.43546],[6.86296,43.43936],[6.85799,43.43618],[6.8561,43.42873],[6.86014,43.41587],[6.84667,43.41258],[6.83483,43.41581],[6.81884,43.41607],[6.78305,43.40864],[6.77297,43.41845],[6.75709,43.42269],[6.7465,43.41791],[6.73115,43.40785],[6.73282,43.38208],[6.71778,43.36689],[6.71784,43.3506],[6.69393,43.34837],[6.67457,43.34638],[6.66603,43.3332],[6.66131,43.32233],[6.65203,43.31493],[6.62463,43.29591],[6.59724,43.28401],[6.59089,43.2689],[6.61167,43.26429],[6.67236,43.2762],[6.69337,43.27297],[6.69802,43.26546],[6.6854,43.24804],[6.66836,43.23954],[6.6654,43.22129],[6.67198,43.21361],[6.6798,43.20155],[6.6604,43.19041],[6.64039,43.18183],[6.62916,43.17988],[6.60987,43.17341],[6.59946,43.17499],[6.59547,43.17988],[6.59327,43.18773],[6.58128,43.18437],[6.56372,43.18445],[6.53991,43.1822],[6.53643,43.17254],[6.52671,43.16057],[6.50568,43.15097],[6.47916,43.15606],[6.45133,43.15272],[6.42202,43.15234],[6.40168,43.14694],[6.37854,43.13608],[6.36608,43.11864],[6.36988,43.10552],[6.37537,43.09084],[6.34226,43.09076],[6.32887,43.09992],[6.32569,43.10419],[6.3062,43.10941],[6.28037,43.11867],[6.25347,43.12088],[6.2197,43.11655],[6.1932,43.10877],[6.17866,43.10286],[6.16293,43.0926],[6.15317,43.07197],[6.15277,43.04811],[6.17133,43.04233],[6.18542,43.04544],[6.18007,43.03592],[6.15446,43.03375],[6.09769,43.03126],[6.08852,43.03485],[6.10303,43.04078],[6.11925,43.04515],[6.13207,43.05264],[6.12909,43.07136],[6.10966,43.08432],[6.09193,43.0829],[6.04452,43.07821],[6.02701,43.0782],[6.01652,43.09894],[5.99173,43.10235],[5.95865,43.10217],[5.93409,43.11359],[5.93653,43.11945],[5.93824,43.1291],[5.94093,43.13402],[5.92449,43.13435],[5.90854,43.13129],[5.87941,43.12043],[5.89625,43.11542],[5.91061,43.0932],[5.92725,43.0876],[5.95138,43.07998],[5.94029,43.07091],[5.91721,43.07274],[5.88796,43.07223],[5.87534,43.06879],[5.85661,43.04483],[5.81896,43.05347],[5.79024,43.06993],[5.78187,43.07912],[5.8029,43.08889],[5.81809,43.09909],[5.81147,43.10673],[5.80056,43.11185],[5.78341,43.1146],[5.78084,43.12333],[5.77613,43.13081],[5.76056,43.13198],[5.74101,43.13206],[5.6963,43.14688],[5.68767,43.16885],[5.67392,43.17989],[5.65522,43.18559],[5.63421,43.18723],[5.6229,43.17673],[5.61242,43.16043],[5.58826,43.16798],[5.57271,43.16915],[5.55897,43.18158],[5.54725,43.19386],[5.53784,43.20739],[5.52495,43.21263],[5.51434,43.20774],[5.50418,43.20566],[5.45983,43.20852],[5.43975,43.20765],[5.40952,43.21129],[5.39531,43.21234],[5.37034,43.20786],[5.34698,43.2159],[5.3506,43.23359],[5.35377,43.2438],[5.36085,43.25397],[5.36915,43.27041],[5.35734,43.28035],[5.35597,43.29206],[5.35182,43.29792],[5.33888,43.33429],[5.29417,43.35547],[5.23828,43.32804],[5.16324,43.32931],[5.12517,43.32577],[5.0648,43.32802],[5.03402,43.33548],[5.01394,43.35792],[5.00557,43.38163],[5.02613,43.40933],[5.05714,43.42207],[5.14617,43.42207],[5.17384,43.42829],[5.19288,43.43952],[5.21355,43.45783],[5.22633,43.48029],[5.22283,43.50397],[5.19361,43.48994],[5.16554,43.48249],[5.13999,43.48579],[5.11842,43.50397],[5.1115,43.51936],[5.11085,43.5279],[5.10572,43.53303],[5.08497,43.53815],[5.0774,43.53889],[5.05372,43.53815],[5.04957,43.54145],[5.03533,43.55573],[5.02915,43.55858],[5.02231,43.55219],[5.01588,43.53876],[5.011,43.52509],[5.00929,43.51765],[5.01466,43.49873],[5.02369,43.49047],[5.03582,43.48558],[5.0503,43.47671],[5.06227,43.45165],[5.05112,43.42927],[5.0276,43.41698],[4.99847,43.4147],[4.98308,43.41706],[4.92848,43.44013],[4.90317,43.43163],[4.89259,43.42536],[4.86818,43.42145],[4.85841,43.41523],[4.85027,43.40144],[4.85499,43.39619],[4.86489,43.3779],[4.86753,43.36511],[4.901,43.36697],[4.87719,43.35078],[4.85578,43.34178],[4.85082,43.35893],[4.83326,43.38199],[4.79176,43.39912],[4.75782,43.42235],[4.74244,43.44872],[4.74496,43.50739],[4.74244,43.52448],[4.73618,43.5395],[4.72584,43.55679],[4.71193,43.57152],[4.69459,43.57909],[4.69459,43.5729],[4.72438,43.5384],[4.72877,43.5279],[4.72877,43.4562],[4.74252,43.42255],[4.76971,43.40192],[4.80006,43.38605],[4.82302,43.36717],[4.82028,43.34636],[4.79125,43.34522],[4.66589,43.34754],[4.59234,43.35989],[4.56629,43.37109],[4.56554,43.38795],[4.5857,43.40424],[4.58804,43.41689],[4.57959,43.43007],[4.55521,43.44327],[4.51303,43.4558],[4.40942,43.44774],[4.2059,43.45991],[4.18165,43.46377],[4.16033,43.4715],[4.13282,43.48705],[4.1172,43.51048],[4.13282,43.53278],[4.1312,43.53624],[4.10532,43.55187],[4.04746,43.55614],[3.9909,43.55085],[3.95297,43.53994],[3.9393,43.53254],[3.73992,43.41283],[3.62216,43.37491],[3.58969,43.35489],[3.51336,43.28107],[3.49236,43.27432],[3.4524,43.28876],[3.4284,43.28547],[3.38543,43.28392],[3.31772,43.26309],[3.24431,43.21943],[3.22755,43.20425],[3.22096,43.19522],[3.20729,43.18663],[3.19589,43.17666],[3.17872,43.16523],[3.16595,43.15241],[3.15447,43.13528],[3.136,43.12104],[3.11402,43.10631],[3.10418,43.0878],[3.09604,43.07258],[3.08603,43.05402],[3.0704,43.02692],[3.06324,43.00837],[3.05608,42.9927],[3.04615,42.96418],[3.03899,42.94278],[3.04184,42.93281],[3.0547,42.92711],[3.05608,42.90713],[3.04754,42.84724],[3.04046,42.79019],[3.03899,42.75027],[3.04331,42.7246],[3.03761,42.68321],[3.04184,42.62906],[3.04615,42.58767],[3.05185,42.55488],[3.06609,42.54206],[3.08749,42.53494],[3.11459,42.53063],[3.13738,42.52493],[3.14593,42.51496],[3.14593,42.50353],[3.14308,42.49213],[3.15024,42.48216],[3.16025,42.47504],[3.17587,42.45649],[3.18157,42.43509],[3.17872,42.418],[3.17018,42.39659],[3.17449,42.38089],[3.17449,42.3638],[3.18735,42.34951],[3.20419,42.33959],[3.22649,42.34252],[3.24985,42.34321],[3.26303,42.32921],[3.26987,42.32921],[3.28061,42.33686],[3.29371,42.33499],[3.31772,42.32298],[3.29404,42.28803],[3.29038,42.27806],[3.28704,42.26293],[3.27939,42.25564],[3.27036,42.25011],[3.26303,42.23985],[3.24716,42.24571],[3.21013,42.23973],[3.17872,42.2497],[3.17018,42.25967],[3.15162,42.25682],[3.1303,42.23973],[3.11883,42.21833],[3.11744,42.18285],[3.11647,42.15843],[3.12249,42.14049],[3.1386,42.12763],[3.17311,42.11201],[3.1923,42.09292],[3.2145,42.06833],[3.21301,42.05599],[3.19986,42.04619],[3.1959,42.03312],[3.20159,42.01744],[3.20696,41.99669],[3.20786,41.99002],[3.21184,41.98461],[3.23056,41.97301],[3.23569,41.96552],[3.23219,41.94603],[3.20745,41.91393],[3.19492,41.88829],[3.17856,41.87523],[3.15017,41.84535],[3.11683,41.84757],[3.07863,41.82662],[3.06906,41.79908],[3.04034,41.78689],[2.95094,41.73428],[2.93299,41.71246],[2.90087,41.70671],[2.87725,41.70196],[2.85109,41.69717],[2.84018,41.69465],[2.83546,41.69257],[2.82016,41.68195],[2.81707,41.67764],[2.81316,41.67032],[2.80372,41.66865],[2.792,41.66901],[2.7785,41.64558],[2.65187,41.60529],[2.44947,41.53522],[2.42897,41.51895],[2.37135,41.4892],[2.29672,41.46532],[2.26735,41.44864],[2.24041,41.42097],[2.19191,41.35676],[2.16326,41.32665],[2.13054,41.30366],[2.06031,41.2746],[2.01971,41.26586],[1.95135,41.26069],[1.88413,41.2475],[1.86378,41.2381],[1.85402,41.23599],[1.81984,41.23713],[1.62436,41.19217],[1.53924,41.18744],[1.2881,41.11628],[1.21778,41.10468],[1.21005,41.09988],[1.19248,41.076],[1.18865,41.06831],[1.1836,41.06257],[1.17294,41.05866],[1.1491,41.06965],[1.14169,41.07172],[1.09767,41.07087],[1.05567,41.06489],[1.01743,41.05179],[0.99041,41.0397],[0.87745,40.95478],[0.82277,40.8996],[0.7142,40.81521],[0.69484,40.786],[0.72153,40.77428],[0.75017,40.76557],[0.76238,40.76606],[0.76726,40.77102],[0.76352,40.77839],[0.75017,40.786],[0.76694,40.78502],[0.78053,40.77949],[0.792,40.77119],[0.81593,40.7484],[0.84181,40.73212],[0.85418,40.73314],[0.87371,40.72793],[0.87241,40.7071],[0.85808,40.68627],[0.84832,40.67536],[0.78403,40.66096],[0.75636,40.64224],[0.70704,40.5834],[0.67709,40.56517],[0.64796,40.55691],[0.6159,40.55345],[0.59246,40.5821],[0.64064,40.58686],[0.66318,40.57473],[0.69622,40.59036],[0.73268,40.63373],[0.71249,40.63618],[0.68222,40.63422],[0.59978,40.61372],[0.58017,40.60366],[0.56349,40.59003],[0.54851,40.57233],[0.51743,40.51435],[0.50976,40.5]],[[8.27475,41.05728],[8.25115,41.04377],[8.25099,41.0161],[8.24643,40.99364],[8.20965,40.9958],[8.21762,41.00503],[8.22169,41.01439],[8.22316,41.02399],[8.22316,41.03364],[8.22885,41.04173],[8.24138,41.05207],[8.26075,41.06464],[8.27565,41.06977],[8.27784,41.08173],[8.27565,41.0954],[8.27784,41.10566],[8.28435,41.10688],[8.30209,41.10505],[8.30584,41.10908],[8.30795,41.11384],[8.31332,41.1186],[8.32618,41.12613],[8.32594,41.11835],[8.32797,41.11249],[8.33237,41.10566],[8.34197,41.09785],[8.34474,41.08625],[8.34132,41.07412],[8.33237,41.06464],[8.27475,41.05728]],[[10.89584,42.38671],[10.91346,42.37524],[10.92731,42.3533],[10.92956,42.34056],[10.93976,42.33066],[10.92333,42.31873],[10.90895,42.32526],[10.8717,42.35405],[10.86183,42.36628],[10.87637,42.37444],[10.87582,42.38679],[10.88299,42.39216],[10.89584,42.38671]],[[9.45655,42.64741],[9.48211,42.6201],[9.4769,42.6201],[9.47682,42.61909],[9.45655,42.64741]],[[10.44337,42.84545],[10.43605,42.83812],[10.43116,42.82787],[10.43068,42.81615],[10.4367,42.80443],[10.43002,42.78758],[10.42026,42.77644],[10.40691,42.76899],[10.38885,42.7635],[10.40797,42.75727],[10.42514,42.74079],[10.43068,42.72211],[10.41554,42.70889],[10.41098,42.71796],[10.40333,42.7189],[10.39324,42.71821],[10.38136,42.72256],[10.37729,42.72797],[10.3672,42.746],[10.36427,42.74982],[10.35125,42.75568],[10.3379,42.76484],[10.32504,42.76484],[10.31373,42.74299],[10.30454,42.75975],[10.26539,42.74457],[10.24537,42.75727],[10.24,42.74189],[10.2352,42.73591],[10.22967,42.73542],[10.14723,42.73729],[10.12485,42.74311],[10.10678,42.75739],[10.10141,42.784],[10.11166,42.80126],[10.13299,42.81192],[10.15821,42.81729],[10.17954,42.81875],[10.18995,42.81688],[10.21217,42.80785],[10.22438,42.80443],[10.2422,42.80317],[10.26588,42.80443],[10.2649,42.80939],[10.26433,42.81045],[10.26271,42.81025],[10.25904,42.81192],[10.27215,42.81875],[10.27215,42.82624],[10.27215,42.82734],[10.28932,42.82563],[10.32683,42.82624],[10.32211,42.81171],[10.33277,42.80598],[10.34734,42.80585],[10.35467,42.80817],[10.35808,42.81753],[10.36598,42.82294],[10.37477,42.82709],[10.38136,42.83242],[10.3921,42.85798],[10.39991,42.86884],[10.41236,42.87336],[10.42205,42.87084],[10.431,42.86445],[10.43849,42.85546],[10.44337,42.84545]],[[8.56577,42.20856],[8.57407,42.21992],[8.56577,42.22574],[8.55242,42.22899],[8.54526,42.23286],[8.54949,42.24226],[8.55991,42.24433],[8.58627,42.24335],[8.59376,42.24628],[8.60133,42.25068],[8.61085,42.25463],[8.65113,42.2604],[8.66472,42.26488],[8.67506,42.27066],[8.68084,42.27277],[8.68523,42.27192],[8.68775,42.27294],[8.68873,42.28095],[8.674,42.2895],[8.67205,42.29116],[8.63478,42.30484],[8.63234,42.30866],[8.62965,42.31525],[8.62517,42.31916],[8.6111,42.31005],[8.60532,42.31045],[8.60141,42.31477],[8.59986,42.32193],[8.60475,42.32559],[8.63478,42.33894],[8.6128,42.35244],[8.59156,42.35114],[8.55209,42.33894],[8.55958,42.34638],[8.55348,42.35489],[8.54965,42.36579],[8.54908,42.3771],[8.55209,42.38671],[8.5608,42.38166],[8.57049,42.38178],[8.5796,42.38593],[8.58627,42.39297],[8.59864,42.3876],[8.60239,42.39191],[8.60353,42.40034],[8.60727,42.40721],[8.61207,42.41181],[8.61402,42.41625],[8.61866,42.41958],[8.65089,42.42329],[8.65952,42.42988],[8.66163,42.43977],[8.66139,42.45189],[8.67237,42.46442],[8.67677,42.47248],[8.67205,42.47614],[8.65968,42.47712],[8.65707,42.48005],[8.65935,42.48436],[8.66749,42.50971],[8.68043,42.52106],[8.6976,42.527],[8.71656,42.53071],[8.71079,42.54011],[8.71632,42.562],[8.70916,42.57172],[8.70916,42.57917],[8.71697,42.57612],[8.71974,42.576],[8.72088,42.57412],[8.72348,42.5655],[8.74,42.57233],[8.75066,42.56879],[8.75961,42.56175],[8.77125,42.55805],[8.78696,42.562],[8.79884,42.57176],[8.80747,42.58511],[8.81284,42.5996],[8.80543,42.60643],[8.84303,42.60806],[8.9065,42.63247],[9.01832,42.65013],[9.04998,42.66218],[9.05299,42.68159],[9.10711,42.7259],[9.11785,42.732],[9.14145,42.73501],[9.16521,42.73518],[9.17604,42.73282],[9.18507,42.73339],[9.23683,42.72256],[9.25782,42.71394],[9.26466,42.70889],[9.27084,42.70222],[9.27613,42.69416],[9.28533,42.67475],[9.29217,42.67475],[9.32789,42.72004],[9.34254,42.74909],[9.33302,42.77094],[9.34099,42.79011],[9.33546,42.8076],[9.32179,42.82392],[9.30568,42.83926],[9.33302,42.86713],[9.33286,42.8758],[9.32635,42.88532],[9.32618,42.89379],[9.33025,42.90355],[9.33693,42.91039],[9.3602,42.92862],[9.35678,42.93354],[9.35572,42.93651],[9.35694,42.94066],[9.3602,42.94912],[9.34995,42.95722],[9.34344,42.97309],[9.34181,42.99067],[9.34669,43.00373],[9.36305,43.01154],[9.40431,43.01166],[9.42237,43.0174],[9.43556,43.00373],[9.44451,42.99799],[9.46404,42.99006],[9.46404,42.98261],[9.45558,42.97456],[9.45387,42.96381],[9.45875,42.95234],[9.47006,42.94229],[9.46551,42.92353],[9.48439,42.83242],[9.48276,42.80231],[9.45037,42.70889],[9.45143,42.69672],[9.44939,42.6826],[9.45037,42.65363],[9.44907,42.65107],[9.44606,42.64859],[9.44337,42.64525],[9.44288,42.64057],[9.44532,42.63789],[9.44996,42.63573],[9.4546,42.63459],[9.45655,42.63443],[9.45924,42.62543],[9.46168,42.61982],[9.46144,42.61457],[9.45655,42.60643],[9.46461,42.60163],[9.46803,42.59496],[9.47071,42.58723],[9.4769,42.57917],[9.48487,42.57445],[9.51189,42.5655],[9.50912,42.57998],[9.50473,42.58662],[9.48959,42.61262],[9.51857,42.58096],[9.52809,42.56354],[9.53224,42.54438],[9.53004,42.48631],[9.53338,42.45624],[9.54591,42.43513],[9.53989,42.42207],[9.53541,42.40819],[9.53272,42.39252],[9.53224,42.37373],[9.53696,42.35318],[9.55543,42.31428],[9.55958,42.29458],[9.55226,42.17015],[9.55958,42.14655],[9.5569,42.13825],[9.55494,42.12084],[9.55275,42.11302],[9.54558,42.10399],[9.51857,42.08511],[9.50782,42.07221],[9.49244,42.04776],[9.42384,41.97354],[9.4087,41.96223],[9.40317,41.95295],[9.40284,41.91743],[9.3943,41.84797],[9.40301,41.77973],[9.40162,41.70645],[9.39861,41.70148],[9.39112,41.69904],[9.3812,41.69269],[9.37224,41.68391],[9.36704,41.67422],[9.38071,41.67422],[9.37794,41.65644],[9.37306,41.64517],[9.36362,41.64004],[9.3532,41.64082],[9.34522,41.64033],[9.34213,41.63467],[9.34669,41.61957],[9.33326,41.62446],[9.31821,41.62714],[9.30372,41.62783],[9.29217,41.62641],[9.29396,41.61762],[9.28443,41.60765],[9.27858,41.59837],[9.29217,41.59162],[9.32504,41.60195],[9.34506,41.60448],[9.35418,41.5954],[9.3506,41.5812],[9.34108,41.56928],[9.32667,41.5611],[9.30909,41.55817],[9.29965,41.55329],[9.29217,41.54291],[9.28199,41.53327],[9.26466,41.53083],[9.26873,41.52375],[9.26987,41.51679],[9.26873,41.50996],[9.26466,41.50288],[9.27622,41.49942],[9.27915,41.49165],[9.27475,41.48286],[9.26466,41.47614],[9.27084,41.46874],[9.25522,41.46361],[9.22804,41.45002],[9.2107,41.44823],[9.2107,41.44086],[9.22006,41.43505],[9.22332,41.42731],[9.21998,41.41962],[9.2107,41.41352],[9.2107,41.40729],[9.22202,41.41096],[9.23797,41.42227],[9.25034,41.4278],[9.24659,41.41291],[9.23878,41.3959],[9.23015,41.38093],[9.22316,41.3725],[9.20672,41.36591],[9.19386,41.36913],[9.16912,41.38618],[9.15333,41.39134],[9.12224,41.39497],[9.09645,41.40351],[9.10727,41.42927],[9.11215,41.43256],[9.12135,41.43464],[9.10515,41.4455],[9.0809,41.45319],[9.06658,41.4619],[9.07985,41.47614],[9.07985,41.48237],[9.06821,41.47948],[9.03875,41.4619],[9.03199,41.46874],[9.03419,41.47089],[9.03541,41.47163],[9.03663,41.47285],[9.03875,41.47614],[9.02809,41.47382],[9.0241,41.47211],[9.01832,41.46874],[9.01149,41.47614],[9.00099,41.48306],[8.9756,41.48908],[8.95102,41.49189],[8.93572,41.4892],[8.92482,41.49494],[8.91676,41.50165],[8.90691,41.50731],[8.88364,41.51118],[8.88111,41.51484],[8.87916,41.51935],[8.87371,41.52338],[8.86427,41.52534],[8.85629,41.52534],[8.8484,41.52611],[8.83961,41.53083],[8.85328,41.53766],[8.85328,41.54385],[8.84059,41.54727],[8.83334,41.55073],[8.8239,41.54995],[8.80991,41.55268],[8.79721,41.55707],[8.79176,41.56123],[8.7964,41.58055],[8.79322,41.58731],[8.77809,41.59162],[8.78541,41.60468],[8.792,41.62515],[8.80177,41.63907],[8.81902,41.63264],[8.87257,41.65107],[8.88111,41.65713],[8.88575,41.67089],[8.89698,41.67792],[8.91066,41.68382],[8.9227,41.69465],[8.89918,41.69546],[8.83644,41.70893],[8.81235,41.7093],[8.78883,41.71255],[8.77613,41.7224],[8.78492,41.7425],[8.7601,41.74266],[8.71909,41.7307],[8.69557,41.72944],[8.69809,41.73306],[8.70297,41.7425],[8.68873,41.74177],[8.67799,41.74409],[8.66798,41.7475],[8.65512,41.74991],[8.66822,41.75487],[8.6963,41.7582],[8.70916,41.76358],[8.71754,41.77204],[8.72202,41.78242],[8.72022,41.79169],[8.70916,41.79707],[8.70916,41.80451],[8.73194,41.80459],[8.75229,41.8098],[8.78492,41.82441],[8.78004,41.83393],[8.77231,41.8404],[8.76238,41.84414],[8.75082,41.84553],[8.7837,41.85358],[8.79176,41.85912],[8.78932,41.86131],[8.78582,41.86799],[8.78175,41.87368],[8.77809,41.87279],[8.79005,41.88695],[8.79176,41.88711],[8.79461,41.89216],[8.8034,41.90054],[8.80543,41.90693],[8.80307,41.90746],[8.79176,41.91376],[8.78598,41.92284],[8.78142,41.92878],[8.77508,41.93232],[8.76442,41.93427],[8.7444,41.93281],[8.7103,41.91877],[8.68873,41.91376],[8.64763,41.91181],[8.62989,41.90864],[8.61427,41.90078],[8.60727,41.91376],[8.61866,41.93049],[8.61443,41.94408],[8.58627,41.96898],[8.63551,41.97264],[8.65504,41.97871],[8.66879,41.99632],[8.6561,42.00288],[8.66456,42.01447],[8.68434,42.02558],[8.70607,42.03046],[8.71127,42.03327],[8.73805,42.04393],[8.74342,42.04414],[8.74497,42.05659],[8.73911,42.06342],[8.72348,42.07209],[8.70623,42.10049],[8.69923,42.10932],[8.68881,42.11115],[8.6609,42.10546],[8.65512,42.10932],[8.64772,42.12202],[8.62957,42.13007],[8.6067,42.13373],[8.58627,42.13349],[8.59108,42.14289],[8.59376,42.14655],[8.58627,42.15144],[8.57814,42.1542],[8.5691,42.15498],[8.55958,42.154],[8.56967,42.15559],[8.57789,42.15876],[8.59376,42.16706],[8.59376,42.17451],[8.56577,42.17451],[8.56577,42.1813],[8.57765,42.18488],[8.5818,42.19453],[8.57781,42.20441],[8.56577,42.20856]],[[9.8401,43.06517],[9.84181,43.06342],[9.84392,43.0607],[9.8475,43.05858],[9.85481,43.04428],[9.84213,43.02496],[9.82295,43.00846],[9.8015,43.00781],[9.7846,43.02844],[9.80694,43.06641],[9.82578,43.07463],[9.8401,43.06517]],[[9.47478,41.23607],[9.47836,41.22846],[9.4795,41.22419],[9.47926,41.21695],[9.47104,41.1896],[9.47438,41.18427],[9.47486,41.17927],[9.47039,41.17211],[9.46437,41.17268],[9.45639,41.18065],[9.44874,41.18553],[9.44166,41.18305],[9.43702,41.18594],[9.44777,41.20506],[9.44353,41.21149],[9.44646,41.2204],[9.45387,41.23395],[9.45997,41.24238],[9.46803,41.24112],[9.47478,41.23607]],[[9.43092,41.2248],[9.43426,41.22061],[9.43531,41.21703],[9.39527,41.2106],[9.37696,41.21332],[9.37306,41.22191],[9.37306,41.22989],[9.37762,41.23383],[9.38494,41.23652],[9.39186,41.24071],[9.39625,41.24775],[9.39796,41.25605],[9.40219,41.25751],[9.40797,41.25812],[9.41424,41.26244],[9.42189,41.26089],[9.42742,41.2541],[9.43051,41.24628],[9.43043,41.23778],[9.42905,41.2294],[9.43092,41.2248]],[[10.29705,42.34488],[10.30641,42.35155],[10.31593,42.34077],[10.31324,42.32392],[10.29444,42.32803],[10.29705,42.34488]],[[10.09165,42.59577],[10.09604,42.59073],[10.09791,42.58796],[10.09791,42.58389],[10.09539,42.57697],[10.08579,42.57246],[10.07179,42.57274],[10.0586,42.576],[10.0503,42.58194],[10.05258,42.58902],[10.06275,42.59203],[10.0726,42.60041],[10.07944,42.61392],[10.08432,42.61469],[10.08766,42.60399],[10.09165,42.59577]],[[6.23504,43.02241],[6.24189,43.02565],[6.251,43.0173],[6.25221,43.00263],[6.23024,42.99535],[6.21648,42.99038],[6.20249,42.98713],[6.19012,42.99018],[6.16619,42.99966],[6.16472,43.00507],[6.17514,43.00898],[6.20297,43.008],[6.2116,43.01162],[6.21502,43.01472],[6.21827,43.01545],[6.22104,43.01496],[6.23339,43.01558],[6.23504,43.02241]],[[9.72706,40.87413],[9.73414,40.87633],[9.74464,40.86917],[9.73959,40.86046],[9.73406,40.8581],[9.71933,40.86376],[9.71388,40.87368],[9.72706,40.87413]],[[9.74008,40.9123],[9.70013,40.89049],[9.69134,40.88829],[9.68515,40.8911],[9.67978,40.8913],[9.67604,40.8902],[9.6775,40.89261],[9.7339,40.92475],[9.73634,40.9243],[9.73927,40.9193],[9.74008,40.9123]],[[9.59596,41.07636],[9.60076,41.07799],[9.60638,41.07941],[9.60605,41.07632],[9.60499,41.07119],[9.60263,41.06867],[9.60157,41.06944],[9.59767,41.07042],[9.59612,41.07294],[9.59596,41.07636]],[[9.40577,41.20262],[9.40821,41.20742],[9.41749,41.20043],[9.40781,41.18513],[9.40504,41.18846],[9.40235,41.19021],[9.39552,41.1896],[9.39438,41.1951],[9.39804,41.19884],[9.40577,41.20262]],[[9.1504,41.24384],[9.15838,41.24217],[9.1561,41.2381],[9.15699,41.23745],[9.15276,41.23355],[9.14674,41.23001],[9.13746,41.24087],[9.14161,41.24645],[9.14666,41.2438],[9.1504,41.24384]],[[9.3379,41.25222],[9.34254,41.25161],[9.35304,41.24783],[9.35076,41.2322],[9.34221,41.22814],[9.34034,41.22911],[9.33798,41.22899],[9.33538,41.23029],[9.33155,41.23359],[9.32968,41.23758],[9.33286,41.2508],[9.3379,41.25222]],[[9.34466,41.27481],[9.33758,41.27794],[9.33107,41.28103],[9.33497,41.28559],[9.3506,41.28872],[9.35125,41.27611],[9.34466,41.27481]],[[9.37525,41.29226],[9.37184,41.29186],[9.36907,41.29348],[9.36476,41.28791],[9.35825,41.2969],[9.36166,41.29751],[9.36459,41.3015],[9.37241,41.30492],[9.3768,41.30781],[9.37794,41.30345],[9.38006,41.30044],[9.37892,41.29584],[9.37525,41.29226]],[[9.34588,41.30476],[9.35328,41.29934],[9.35418,41.29287],[9.34693,41.29365],[9.33701,41.2945],[9.3366,41.29707],[9.33489,41.29975],[9.3309,41.30471],[9.33497,41.30834],[9.33798,41.3076],[9.34002,41.3072],[9.34254,41.30622],[9.34588,41.30476]],[[9.25457,41.34219],[9.25465,41.33861],[9.25758,41.33552],[9.25693,41.33153],[9.24724,41.33771],[9.24993,41.34353],[9.25457,41.34219]],[[9.26482,41.37214],[9.26433,41.36636],[9.27003,41.36762],[9.26889,41.36461],[9.26515,41.36359],[9.26344,41.3627],[9.26263,41.36079],[9.25725,41.36359],[9.25384,41.36465],[9.25042,41.36547],[9.25156,41.37116],[9.26083,41.37185],[9.26482,41.37214]],[[6.48943,43.05309],[6.50156,43.05589],[6.5066,43.05162],[6.50579,43.04617],[6.49016,43.0443],[6.4817,43.03832],[6.46648,43.01936],[6.44825,43.01468],[6.43946,43.00886],[6.43295,43.00967],[6.43181,43.01948],[6.43466,43.02721],[6.45533,43.03278],[6.46323,43.04393],[6.47267,43.05069],[6.48943,43.05309]],[[9.90813,43.4466],[9.91269,43.44453],[9.9157,43.44294],[9.91537,43.43537],[9.90846,43.42691],[9.89422,43.43252],[9.89763,43.44343],[9.90301,43.44416],[9.90813,43.4466]],[[7.0443,43.52375],[7.04896,43.52411],[7.06478,43.5191],[7.07308,43.5158],[7.06898,43.51462],[7.05785,43.51587],[7.04886,43.51512],[7.03669,43.51646],[7.03239,43.52249],[7.03972,43.52184],[7.0443,43.52375]]]]},"properties":{"featurecla":"Ocean","scalerank":0,"min_zoom":0}}
]}